lat,visible,version,tags,id,lon,changeset,timestamp,addr:city,addr:country,addr:full,addr:housenumber,addr:housename,addr:postcode,addr:place,addr:street,email,name,opening_hours,operator,phone,ref,url,website,amenity,atm,bank,bicycle_parking,bicycle_rental,bar,biergarten,building,building:levels,cafe,drinking_water,fast_food,fountain,fuel,internet_access,landuse,office,parking,police,post_office,restaurant,school,social_facility,source,start_date,taxi,wikipedia,agrarian,alcohol,bag,books,butcher,clothes,computer,craft,furniture,gas,hairdresser,kitchen,massage,medical_supply,motorcycle,organic,outdoor,pet,religion,second_hand,shoes,shop,swimming_pool,trade,wholesale,attraction,camp_site,guest_house,hostel,information,museum,tourism,viewpoint,zoo,osm_type,spa,fireplace,fishing,security,water
22.9936417,False,4,"{""cuisine"":""indian""}",440339381,72.5357058,0.0,1401369824,,,,,,,,,,Vishala,,,,,,,restaurant,,,,,,,,,,,,,,,,,,,,,,,,,,,,,,,,,,,,,,,,,,,,,,,,,,,,,,,,,,,,,node,,,,,
23.0042051,False,2,,440339389,72.5397742,0.0,1248963194,,,,,,,,,,Rajvadu Restaurant,,,,,,,restaurant,,,,,,,,,,,,,,,,,,,,,,,,,,,,,,,,,,,,,,,,,,,,,,,,,,,,,,,,,,,,,node,,,,,
23.0648296,False,1,,611573353,72.5821405,0.0,1263197409,,,,,,,,,,,,,,,,,restaurant,,,,,,,,,,,,,,,,,,,,,,,,,,,,,,,,,,,,,,,,,,,,,,,,,,,,,,,,,,,,,node,,,,,
23.0227338,False,2,,632066507,72.5920852,0.0,1265559433,,,,,,,,,,Mangaldas Ni Haveli,,,,,,,restaurant,,,,,,,,,,,,,,,,,,,,,,,,,,,,,,,,,,,,,,,,,,,,,,,,,,,,,,,,,,,,,node,,,,,
23.0317635,False,3,"{""brand"":""McDonald's"",""brand:pa"":""\u0A2E\u0A48\u0A15\u0A21\u0A4B\u0A28\u0A32\u0A21\u2019\u0A1C\u0A3C"",""brand:ur"":""\u0645\u06A9\u0688\u0648\u0646\u0644\u0688\u0632"",""brand:wikidata"":""Q38076"",""brand:wikipedia"":""en:McDonald's"",""brand:wikipedia:pa"":""\u0A2E\u0A48\u0A15\u0A21\u0A4B\u0A28\u0A32\u0A21\u2019\u0A1C\u0A3C"",""brand:wikipedia:ur"":""\u0645\u06A9\u0688\u0648\u0646\u0644\u0688\u0632"",""cuisine"":""burger"",""name:pa"":""\u0A2E\u0A48\u0A15\u0A21\u0A4B\u0A28\u0A32\u0A21\u2019\u0A1C\u0A3C"",""name:ur"":""\u0645\u06A9\u0688\u0648\u0646\u0644\u0688\u0632""}",695666626,72.5701852,0.0,1644179856,,,,,,,,,,McDonald's,,,,,,,fast_food,,,,,,,,,,,,,,,,,,,,,,,,,,,,,,,,,,,,,,,,,,,,,,,,,,,,,,,,,,,,,node,,,,,
23.0422876,False,1,,695666627,72.5699576,0.0,1271184380,,,,,,,,,,Cyber Cafe,,,,,,,cafe,,,,,,,,,,,,,,,,,,,,,,,,,,,,,,,,,,,,,,,,,,,,,,,,,,,,,,,,,,,,,node,,,,,
23.0410467,False,1,,1313805176,72.5485619,0.0,1307338457,,,,,,,,,,Cafe Souq,,,,,,,restaurant,,,,,,,,,,,,,,,,,,,,,,,,,,,,,,,,,,,,,,,,,,,,,,,,,,,,,,,,,,,,,node,,,,,
23.0407234,False,2,"{""cost:coffee"":""$3""}",1313805177,72.5485324,0.0,1417716167,,,,,,,,,,Chocolate Room,,,,,,,cafe,,,,,,,,,,,,,,,,,,,,,,,,,,,,,,,,,,,,,,,,,,,,,,,,,,,,,,,,,,,,,node,,,,,
23.0427079,False,2,"{""cost:coffee"":""$2""}",1313805178,72.5494685,0.0,1417716185,,,,,,,,,,"Barrista, Vijay 4 Roads",,,,,,,cafe,,,,,,,,,,,,,,,,,,,,,,,,,,,,,,,,,,,,,,,,,,,,,,,,,,,,,,,,,,,,,node,,,,,
23.0312796,False,2,"{""cost:coffee"":""$2""}",1313805179,72.5493907,0.0,1417716102,,,,,,,,,,Cafe Coffee Day,,,,,,,cafe,,,,,,,,,,,,,,,,,,,,,,,,,,,,,,,,,,,,,,,,,,,,,,,,,,,,,,,,,,,,,node,,,,,
23.0412121,False,4,"{""capacity"":""40"",""cuisine"":""international"",""smoking"":""no"",""wheelchair"":""no""}",1313805181,72.5485673,0.0,1653384773,Ahmedabad,,,Aarohi Complex,,380009,,Vijay Cross Roads,,Upper Crust Cafe,07:00-23:00,,91-79-26401554,,,https://www.cafeuppercrust.com/,restaurant,,,,,,,,,,,,,,,,,,,,,,,http://www.cafeuppercrust.com/cafe-uppercrust.php,,,,,,,,,,,,,,,,,,,,,,,,,,,,,,,,,,,,,,node,,,,,
23.1887134,False,6,"{""int_name"":""Cafeteria""}",1343052725,72.6268235,0.0,1753002966,,,,,,,,,,Cafeteria,,DAIICT,,,,,fast_food,,,,,,,,,,,,,,,,,,,,,,,,,,,,,,,,,,,,,,,,,,,,,,,,,,,,,,,,,,,,,node,,,,,
23.0120603,False,2,"{""cost:coffee"":""$2"",""cuisine"":""indian"",""wifi"":""yes""}",1429887846,72.5691606,0.0,1417716116,,,,,,,,,,Chai Gate!!!,,,,,,,cafe,,,,,,,,,,,,,,,,,,,,,,,,,,,,,,,,,,,,,,,,,,,,,,,,,,,,,,,,,,,,,node,,,,,
23.0116852,False,1,,1561520723,72.568823,0.0,1324821499,,,,,,,,,,Amul,,,,,,,fast_food,,,,,,,,,,,,,,,,,,,,,,,,,,,,,,,,,,,,,,,,,,,,,,,,,,,,,,,,,,,,,node,,,,,
23.0457522,False,1,,1779118412,72.5524611,0.0,1339070032,,,,,,,,,,Dinner Bell,,,,,,,restaurant,,,,,,,,,,,,,,,,,,,,,,,,,,,,,,,,,,,,,,,,,,,,,,,,,,,,,,,,,,,,,node,,,,,
23.0376713,False,1,"{""cuisine"":""italian""}",1964926897,72.565775,0.0,1350230632,,,,,,,,,,Havmor Restaurant,,indian&international,,,,,restaurant,,,,,,,,,,,,,,,,,,,,,,,,,,,,,,,,,,,,,,,,,,,,,,,,,,,,,,,,,,,,,node,,,,,
23.0328812,False,2,"{""cuisine"":""ice_cream""}",1973440767,72.5655478,0.0,1698177873,,,,,Shri Krishna Centre,380009,,Law Garden Road,,Natural Ice Cream,,,,,,https://naturalicecreams.in/,fast_food,,,,,,,,,,,,,,,,,,,,,,,,,,,,,,,,,,,,,,,,,,,,,,,,,,,,,,,,,,,,,node,,,,,
23.0270378,False,4,"{""cuisine"":""regional""}",1973442552,72.5816167,0.0,1551755152,,,,,The House of MG,,,,,Agashiye Restaurant,,,,,,https://houseofmg.com/,restaurant,,,,,,,,,,,,,,,,,,,,,,,local_knowledge,,,,,,,,,,,,,,,,,,,,,,,,,,,,,,,,,,,,,,node,,,,,
23.0847638,False,6,"{""capacity"":""50"",""diet:vegetarian"":""only"",""smoking"":""no""}",2211694435,72.5647629,0.0,1606774724,,,,,,382480,,GST Crossing,,Food Temple,,,,,,,restaurant,,,,,,,,,,,,,,,,,,,,,,,,,,,,,,,,,,,,,,,,,,,,,,,,,,,,,,,,,,,,,node,,,,,
23.0523024,False,1,,2376626693,72.4998803,0.0,1373153294,,,,,,,,,,Black Salt,,,,,,,restaurant,,,,,,,,,,,,,,,,,,,,,,,,,,,,,,,,,,,,,,,,,,,,,,,,,,,,,,,,,,,,,node,,,,,
23.0272633,False,5,"{""capacity"":""60"",""check_date"":""2023-10-22"",""cuisine"":""regional"",""payment:credit_cards"":""yes"",""payment:debit_cards"":""yes"",""smoking"":""outside""}",2377178378,72.5816108,0.0,1697961304,Ahmedabad,,,,,380001,,Opposite Sidi Saiyad Jali,,Green House Restaurant,Mo-Su 7:00-22:00,,,,,,restaurant,,,,,,,,,,,,,,,,,,,,,,,,,,,,,,,,,,,,,,,,,,,,,,,,,,,,,,,,,,,,,node,,,,,
23.0674245,False,2,"{""cuisine"":""Punjabi,_SouthIndia,_Gujarati Thali."",""historic"":""monument"",""name:en"":""AKHBAR NAGAR CIRCLE""}",2477174077,72.5645716,0.0,1687762808,,,,,,,,,,Vrundavan Restaurant;AKHBAR NAGAR CIRCLE,,,,,,,restaurant,,,,,,,,,,,,,,,,,,,,,,,,,,,,,,,,,,,,,,,,,,,,,,,,,,,,,,,,,,,,,node,,,,,
23.1964319,False,2,"{""cuisine"":""Gujarati""}",2679948361,72.6328106,0.0,1566012163,Gandhinagar,,,148-A,"1st Floor, Super Mall 2",382009,,NH8C,,Ken's Koffee Plus Plus,09:30-21:30,,+91 8758637922,,,,cafe,,,,,,,,,,,,,,yes,,,,,,,,,,,,,,,,,,,,,,,,,,,,,,,,,,,,,,,,,,,,,,,node,,,,,
23.0212619,False,1,"{""cuisine"":""pizza""}",2908966984,72.543503,0.0,1402401674,Ahmedabad,,,,,,,Nehrunagar,,Real Paprika,,,,,,,restaurant,,,,,,,,,,,,,,,,,,,,,,,,,,,,,,,,,,,,,,,,,,,,,,,,,,,,,,,,,,,,,node,,,,,
23.0200882,False,2,"{""cuisine"":""regional"",""smoking"":""outside""}",3204975264,72.5860331,0.0,1418725660,Ahmedabad,,,,,380001,,,,Gol Limbda Bhajiya and Nashta House,06:30-21:30,,,,,,fast_food,,,,,,,,,,,,,,,,,,,,,,,,,,,,,,,,,,,,,,,,,,,,,,,,,,,,,,,,,,,,,node,,,,,
23.0362229,False,2,"{""cuisine"":""coffee;snack"",""internet_access:fee"":""no"",""smoking"":""yes"",""wheelchair"":""yes""}",3239361169,72.5494261,0.0,1681218545,,,,,,,,,,Zen Cafe,16:00-20:00,,,,,,cafe,,,,,,,,,,,,,,no,,,,,,,,,,,,,,,,,,,,,,,,,,,,,,,,,,,,,,,,,,,,,,,node,,,,,
23.0480405,False,2,"{""cuisine"":""regional""}",3241011933,72.526862,0.0,1502981811,ahmedabad,,,,,,,,,Barbeque Nation,,,,,,,restaurant,,,,,,,,,,,,,,,,,,,,,,,,,,,,,,,,,,,,,,,,,,,,,,,,,,,,,,,,,,,,,node,,,,,
23.0329764,False,3,"{""brand"":""Cafe Coffee Day"",""brand:wikidata"":""Q5017235"",""cuisine"":""coffee_shop"",""internet_access:fee"":""no"",""smoking"":""no"",""takeaway"":""yes"",""wheelchair"":""no""}",3242226330,72.5600005,0.0,1681218513,,,,,,,,,,Cafe Coffee Day,Mo-Su 09:00-23:00,Cafe Coffee Day,+91 93776 19151,,,https://www.cafecoffeeday.com/,cafe,,,,,,,,,,,,,,no,,,,,,,,,,,,,,,,,,,,,,,,,,,,,,,,,,,,,,,,,,,,,,,node,,,,,
23.0423379,False,3,"{""delivery"":""yes"",""takeaway"":""yes""}",3293763762,72.549193,0.0,1638975255,,,,,,,,,,Shreeji krupa vadapav,Mo-Su 10:00-22:00,,,,,,fast_food,,,,,,,,,,,,,,,,,,,,,,,,,,,,,,,,,,,,,,,,,,,,,,,,,,,,,,,,,,,,,node,,,,,
23.0423816,False,6,"{""brand"":""McDonald's"",""brand:pa"":""\u0A2E\u0A48\u0A15\u0A21\u0A4B\u0A28\u0A32\u0A21\u2019\u0A1C\u0A3C"",""brand:ur"":""\u0645\u06A9\u0688\u0648\u0646\u0644\u0688\u0632"",""brand:wikidata"":""Q38076"",""brand:wikipedia"":""en:McDonald's"",""brand:wikipedia:pa"":""\u0A2E\u0A48\u0A15\u0A21\u0A4B\u0A28\u0A32\u0A21\u2019\u0A1C\u0A3C"",""brand:wikipedia:ur"":""\u0645\u06A9\u0688\u0648\u0646\u0644\u0688\u0632"",""cuisine"":""burger"",""name:pa"":""\u0A2E\u0A48\u0A15\u0A21\u0A4B\u0A28\u0A32\u0A21\u2019\u0A1C\u0A3C"",""name:ur"":""\u0645\u06A9\u0688\u0648\u0646\u0644\u0688\u0632"",""takeaway"":""yes""}",3293792062,72.5486525,0.0,1644179856,,,,,,,,120 Feet Ring Road,,McDonald's,24/7,,,,,,fast_food,,,,,,,,,,,,,,,,,,,,,,,,,,,,,,,,,,,,,,,,,,,,,,,,,,,,,,,,,,,,,node,,,,,
23.0426757,False,2,"{""cuisine"":""ice_cream""}",3294081761,72.5492422,0.0,1434800093,,,,,,,,120 Feet Ring Road,,Asharfilal Kulfi,24/7,,,,,,fast_food,,,,,,,,,,,,,,,,,,,,,,,,,,,,,,,,,,,,,,,,,,,,,,,,,,,,,,,,,,,,,node,,,,,
23.0246187,False,1,"{""cuisine"":""ice_cream""}",3306683246,72.5828928,0.0,1422052042,,,,,,,,,,Ghandi Cold Drink House,,,,,,,cafe,,,,,,,,,,,,,,,,,,,,,,,,,,,,,,,,,,,,,,,,,,,,,,,,,,,,,,,,,,,,,node,,,,,
23.027562,False,2,,3306683251,72.5811204,0.0,1423652956,,,,,,,,,,Lucky Tea Shop,,,,,,,fast_food,,,,,,,,,,,,,,,,,,,,,,,,,,,,,,,,,,,,,,,,,,,,,,,,,,,,,,,,,,,,,node,,,,,
23.0552316,False,1,,3306683254,72.5908571,0.0,1422052042,,,,,,,,,,Naeeka,,,,,,,restaurant,,,,,,,,,,,,,,,,,,,,,,,,,,,,,,,,,,,,,,,,,,,,,,,,,,,,,,,,,,hotel,,,node,,,,,
23.0248713,False,1,,3306683255,72.5829376,0.0,1422052043,,,,,,,,,,Nishat,,,,,,,restaurant,,,,,,,,,,,,,,,,,,,,,,,,,,,,,,,,,,,,,,,,,,,,,,,,,,,,,,,,,,,,,node,,,,,
23.0248607,False,1,,3306683256,72.5830856,0.0,1422052043,,,,,,,,,,Nishat,,,,,,,restaurant,,,,,,,,,,,,,,,,,,,,,,,,,,,,,,,,,,,,,,,,,,,,,,,,,,,,,,,,,,,,,node,,,,,
23.0245678,False,1,,3306683257,72.5823659,0.0,1422052043,,,,,,,,,,Paramount,,,,,,,restaurant,,,,,,,,,,,,,,,,,,,,,,,,,,,,,,,,,,,,,,,,,,,,,,,,,,,,,,,,,,,,,node,,,,,
23.0263181,False,1,"{""internet_access:fee"":""yes""}",3306683649,72.5830356,0.0,1422052047,,,,,,,,,,Relief Cyber Cafe,,,,,,,cafe,,,,,,,,,,,,,,yes,,,,,,,,,,,,,,,,,,,,,,,,,,,,,,,,,,,,,,,,,,,,,,,node,,,,,
23.0206812,False,1,,3426621651,72.5540845,0.0,1427718688,,,,,,,,,,Jasuben Pizza,,,,,,,fast_food,,,,,,,,,,,,,,,,,,,,,,,,,,,,,,,,,,,,,,,,,,,,,,,,,,,,,,,,,,,,,node,,,,,
23.1862186,False,1,,3459655264,72.6329653,0.0,1429199020,,,,,,,,,,Canteen,,,,,,,restaurant,,,,,,,,,,,,,,,,,,,,,,,,,,,,,,,,,,,,,,,,,,,,,,,,,,,,,,,,,,,,,node,,,,,
23.0839448,False,1,"{""cuisine"":""regional"",""delivery"":""no"",""takeaway"":""yes""}",3500459658,72.5892158,0.0,1430895043,,,,,,,,,,MAHARAJ Food Corner,,,,,,,fast_food,,,,,,,,,,,,,,,,,,,,,,,,,,,,,,,,,,,,,,,,,,,,,,,,,,,,,,,,,,,,,node,,,,,
23.0342579,False,1,,3776238973,72.5609251,0.0,1444209668,,,,,,,,,,waah,,,,,,,restaurant,,,,,,,,,,,,,,,,,,,,,,,,,,,,,,,,,,,,,,,,,,,,,,,,,,,,,,,,,,,,,node,,,,,
23.0342641,False,1,"{""cuisine"":""regional""}",3776238974,72.5608446,0.0,1444209668,,,,,,,,,,havmor,,,,,,,restaurant,,,,,,,,,,,,,,,,,,,,,,,,,,,,,,,,,,,,,,,,,,,,,,,,,,,,,,,,,,,,,node,,,,,
23.0344715,False,1,,3776238976,72.5611879,0.0,1444209668,,,,,,,,,,,,,,,,,restaurant,,,,,,,,,,,,,,,,,,,,,,,,,,,,,,,,,,,,,,,,,,,,,,,,,,,,,,,,,,,,,node,,,,,
23.0344517,False,1,"{""cuisine"":""pizza""}",3776238977,72.5612536,0.0,1444209668,,,,,,,,,,choice,,,,,,,restaurant,,,,,,,,,,,,,,,,,,,,,,,,,,,,,,,,,,,,,,,,,,,,,,,,,,,,,,,,,,,,,node,,,,,
23.0358422,False,2,,3776238978,72.5617312,0.0,1522042527,,,,,,,,,,chocolate room,,,,,,,cafe,,,,,,,,,,,,,,,,,,,,,,,,,,,,,,,,,,,,,,,,,,,,,,,,,,,,,,,,,,,,,node,,,,,
23.0342345,False,1,,3776238979,72.5610096,0.0,1444209668,,,,,,,,,,purohit,,,,,,,restaurant,,,,,,,,,,,,,,,,,,,,,,,,,,,,,,,,,,,,,,,,,,,,,,,,,,,,,,,,,,,,,node,,,,,
23.0245018,False,2,"{""brand"":""Cafe Coffee Day"",""brand:wikidata"":""Q5017235"",""cuisine"":""coffee_shop"",""takeaway"":""yes""}",4199023903,72.5073318,0.0,1716271362,,,,,,,,,,Cafe Coffee Day,,,,,,,cafe,,,,,,,,,,,,,,,,,,,,,,,,,,,,,,,,,,,,,,,,,,,,,,,,,,,,,,,,,,,,,node,,,,,
23.0385865,False,2,"{""diet:vegetarian"":""yes""}",4199023904,72.5126614,0.0,1607645291,,,,,,,,,,Honest,,,,,,,restaurant,,,,,,,,,,,,,,,,,,,,,,,,,,,,,,,,,,,,,,,,,,,,,,,,,,,,,,,,,,,,,node,,,,,
23.0385075,False,3,"{""brand"":""Subway"",""brand:pa"":""\u0A38\u0A2C\u0A35\u0A47\u0A05"",""brand:ur"":""\u0633\u0628 \u0648\u06D2"",""brand:wikidata"":""Q244457"",""brand:wikipedia"":""en:Subway (restaurant)"",""cuisine"":""sandwich"",""name:pa"":""\u0A38\u0A2C\u0A35\u0A47\u0A05"",""name:ur"":""\u0633\u0628 \u0648\u06D2"",""takeaway"":""yes""}",4199023905,72.512884,0.0,1644180497,,,,,,,,,,Subway,,,,,,,fast_food,,,,,,,,,,,,,,,,,,,,,,,,,,,,,,,,,,,,,,,,,,,,,,,,,,,,,,,,,,,,,node,,,,,
23.0244178,False,2,"{""brand"":""McDonald's"",""brand:wikidata"":""Q38076"",""cuisine"":""burger"",""takeaway"":""yes""}",4199023906,72.507327,0.0,1716271362,,,,,,,,,,McDonald's,,,,,,,fast_food,,,,,,,,,,,,,,,,,,,,,,,,,,,,,,,,,,,,,,,,,,,,,,,,,,,,,,,,,,,,,node,,,,,
23.0381817,False,3,"{""diet:vegetarian"":""yes""}",4199023907,72.5122645,0.0,1693062296,,,,,,,,,,Havmor,,,,,,,restaurant,,,,,,,,,,,,,,,,,,,,,,,,,,,,,,,,,,,,,,,,,,,,,,,,,,,,,,,,,,,,,node,,,,,
23.0371357,False,1,,4319362053,72.5443257,0.0,1469446202,,,,,,,,,,Nescafe,,,,,,,cafe,,,,,,,,,,,,,,,,,,,,,,,,,,,,,,,,,,,,,,,,,,,,,,,,,,,,,,,,,,,,,node,,,,,
23.005805,False,1,,4326501193,72.5552881,0.0,1469776232,,,,,,,,Ashram Road,,TGB,,,,,,,fast_food,,,,,,,,,,,,,,,,,,,,,,,,,,,,,,,,,,,,,,,,,,,,,,,,,,,,,,,,,,,,,node,,,,,
23.051025,False,3,"{""brand"":""Domino's"",""brand:ks"":""\u0688\u0648\u0645\u06CC\u0646\u0648\u0632"",""brand:pa"":""\u0A21\u0A4B\u0A2E\u0A40\u0A28\u0A4B\u0A1C\u0A3C"",""brand:ur"":""\u0688\u0648\u0645\u06CC\u0646\u0648\u0632"",""brand:wikidata"":""Q839466"",""brand:wikipedia"":""en:Domino's Pizza"",""cuisine"":""pizza"",""name:ks"":""\u0688\u0648\u0645\u06CC\u0646\u0648\u0632"",""name:pa"":""\u0A21\u0A4B\u0A2E\u0A40\u0A28\u0A4B\u0A1C\u0A3C"",""name:ur"":""\u0688\u0648\u0645\u06CC\u0646\u0648\u0632"",""takeaway"":""yes""}",4358562689,72.64396,0.0,1732436360,,,,,,,,,,Domino's,,,,,,,fast_food,,,,,,,,,,,,,,,,,,,,,,,,,,,,,,,,,,,,,,,,,,,,,,,,,,,,,,,,,,,,,node,,,,,
23.0510167,False,1,,4358562690,72.64456,0.0,1471676472,,,,,,,,,,TGB,,,,,,,fast_food,,,,,,,,,,,,,,,,,,,,,,,,,,,,,,,,,,,,,,,,,,,,,,,,,,,,,,,,,,,,,node,,,,,
23.0512085,False,1,,4358562889,72.643756,0.0,1471676463,,,,,,,,NH8,,Spoons n straws,,,,,,,fast_food,,,,,,,,,,,,,,,,,,,,,,,,,,,,,,,,,,,,,,,,,,,,,,,,,,,,,,,,,,,,,node,,,,,
23.0142097,False,4,"{""brand"":""McDonald's"",""brand:pa"":""\u0A2E\u0A48\u0A15\u0A21\u0A4B\u0A28\u0A32\u0A21\u2019\u0A1C\u0A3C"",""brand:ur"":""\u0645\u06A9\u0688\u0648\u0646\u0644\u0688\u0632"",""brand:wikidata"":""Q38076"",""brand:wikipedia"":""en:McDonald's"",""brand:wikipedia:pa"":""\u0A2E\u0A48\u0A15\u0A21\u0A4B\u0A28\u0A32\u0A21\u2019\u0A1C\u0A3C"",""brand:wikipedia:ur"":""\u0645\u06A9\u0688\u0648\u0646\u0644\u0688\u0632"",""name:pa"":""\u0A2E\u0A48\u0A15\u0A21\u0A4B\u0A28\u0A32\u0A21\u2019\u0A1C\u0A3C"",""name:ur"":""\u0645\u06A9\u0688\u0648\u0646\u0644\u0688\u0632""}",4368272090,72.597377,0.0,1644179856,,,,,,,,,,McDonald's,,,,,,,restaurant,,,,,,,,,,,,,,,,,,,,,,,,,,,,,,,,,,,,,,,,,,,,,,,,,,,,,,,,,,,,,node,,,,,
23.0464898,False,2,"{""brand"":""Subway"",""brand:pa"":""\u0A38\u0A2C\u0A35\u0A47\u0A05"",""brand:ur"":""\u0633\u0628 \u0648\u06D2"",""brand:wikidata"":""Q244457"",""brand:wikipedia"":""en:Subway (restaurant)"",""name:pa"":""\u0A38\u0A2C\u0A35\u0A47\u0A05"",""name:ur"":""\u0633\u0628 \u0648\u06D2""}",4369863491,72.5294517,0.0,1644180497,,,,,,,,,,Subway,,,,,,,restaurant,,,,,,,,,,,,,,,,,,,,,,,,,,,,,,,,,,,,,,,,,,,,,,,,,,,,,,,,,,,,,node,,,,,
23.1799492,False,3,"{""cuisine"":""regional""}",4380552160,72.5730115,0.0,1524183300,,,,,,,,,,Bhojnalaya - Unodri Bhavan,,,,,,,fast_food,,,,,,,,,,,,,,,,,,,,,,,,,,,,,,,,,,,,,,,,,,,,,,,,,,,,,,,,,,,,,node,,,,,
23.1103852,False,2,,4422047292,72.6748785,0.0,1475071997,,,,,,,,,,Kaka fast food,,,,,,,fast_food,,,,,,,,,,,,,,,,,,,,,,,,,,,,,,,,,,,,,,,,,,,,,,,,,,,,,,,,,,,,,node,,,,,
23.1113356,False,1,,4422082966,72.6718897,0.0,1475072027,,,,,,,,,,Kaka ni bhajipav,,,,,,,fast_food,,,,,,,,,,,,,,,,,,,,,,,,,,,,,,,,,,,,,,,,,,,,,,,,,,,,,,,,,,,,,node,,,,,
23.1104061,False,3,,4422101589,72.6748011,0.0,1478326838,,,,,,,,Sardar Patel Ring Road,,Kaka fastfood,,,,,,,fast_food,,,,,,,,,,,,,,,,,,,,,,,,,,,,,,,,,,,,,,,,,,,,,,,,,,,,,,,,,,,,,node,,,,,
23.0381074,False,3,"{""cuisine"":""indian"",""delivery"":""yes"",""name:en"":""Atithi Dining Hall"",""takeaway"":""yes""}",4445025289,72.5138086,0.0,1778353779,,,,,,,,,,Atithi Dining Hall,"Mo-Su 11:00-15:00,19:00-22:00",,,,,https://www.atithiindia.com/,restaurant,,,,,,,,,,,,,,,,,,,,,,,,,,,,,,,,,,,,,,,,,,,,,,,,,,,,,,,,,,,,,node,,,,,
23.0591783,False,2,"{""name:en"":""Sabri Kathiyavadi,panjabi""}",4478346292,72.6708433,0.0,1478335716,,,,,,,,Dmart road / nikol naroda road,,"Sabri Kathiyavadi,panjabi",,,,,,,restaurant,,,,,,,,,,,,,,,,,,,,,,,,,,,,,,,,,,,,,,,,,,,,,,,,,,,,,,,,,,,,,node,,,,,
23.111054,False,1,"{""name:en"":""AFC Garden Restaurant"",""name:hi"":""\u0910.\u092B.\u0938\u0940 \u0930\u0947\u0938\u094D\u091F\u094B\u0930\u0947\u0902\u091F""}",4481532989,72.6050699,0.0,1478258071,,,,,,,,,,AFC Garden Restaurant,,,,,,,restaurant,,,,,,,,,,,,,,,,,,,,,,,,,,,,,,,,,,,,,,,,,,,,,,,,,,,,,,,,,,,,,node,,,,,
23.0795581,False,1,,4483404102,72.6690656,0.0,1478333729,,,,,,,,,,Kabir Restaurant,,,,,,,restaurant,,,,,,,,,,,,,,,,,,,,,,,,,,,,,,,,,,,,,,,,,,,,,,,,,,,,,,,,,,,,,node,,,,,
23.030136,False,1,"{""cuisine"":""indian"",""name:en"":""arbi""}",4510519793,72.600163,0.0,1479564745,,,,,,,,,,arbi,,,,,,,restaurant,,,,,,,,,,,,,,,,,,,,,,,,,,,,,,,,,,,,,,,,,,,,,,,,,,,,,,,,,,,,,node,,,,,
23.035392,False,1,"{""name:en"":""Cooking Culture""}",4534049990,72.5065,0.0,1480690700,,,,,,,,,,Cooking Culture,,,,,,,restaurant,,,,,,,,,,,,,,,,,,,,,,,,,,,,,,,,,,,,,,,,,,,,,,,,,,,,,,,,,,,,,node,,,,,
23.0659846,False,1,"{""name:en"":""HANDI HOTEL""}",4585364197,72.5827993,0.0,1483364901,,,,,,,,,,HANDI HOTEL,,,,,,,restaurant,,,,,,,,,,,,,,,,,,,,,,,,,,,,,,,,,,,,,,,,,,,,,,,,,,,,,,,,,,,,,node,,,,,
23.0324134,False,1,"{""name:en"":""Little Italy""}",4595604995,72.5082222,0.0,1483851440,,,,,,,,,,Little Italy,,,,,,,restaurant,,,,,,,,,,,,,,,,,,,,,,,,,,,,,,,,,,,,,,,,,,,,,,,,,,,,,,,,,,,,,node,,,,,
23.0199957,False,3,"{""cuisine"":""burger;sandwich;regional;ice_cream;grill;cake;coffee_shop;pasta;noodles;pancake;pizza;chicken;fish_and_chips;curry;indian;fish;breakfast;savory_pancakes;tea;seafood;sausage;local;barbecue"",""diet:vegan"":""yes"",""name:en"":""Tandoorworkz""}",4633783690,72.5580704,0.0,1672266091,,,,Gf-7,,380006,,Chimanlal Girdharlal Road,tandoorworkz@gmail.com,Tandoorworkz,Mo-Su 11:30-18:30,,+91 90168 61000,,,,restaurant,,,,,,,,,,,,,,,,,,,,,,,,,,,,,,,,,,,,,,,,,,,,,,,,,,,,,,,,,,,,,node,,,,,
22.9818481,False,1,,4636987374,72.6317943,0.0,1485504280,,,,,,,,,,Annapurna,,,,,,,restaurant,,,,,,,,,,,,,,,,,,,,,,,,,,,,,,,,,,,,,,,,,,,,,,,,,,,,,,,,,,,,,node,,,,,
22.9811933,False,1,,4637012137,72.6319432,0.0,1485505278,,,,,,,,,,Gayatri,,,,,,,restaurant,,,,,,,,,,,,,,,,,,,,,,,,,,,,,,,,,,,,,,,,,,,,,,,,,,,,,,,,,,,,,node,,,,,
22.9815706,False,1,,4637012138,72.6329291,0.0,1485505279,,,,,,,,,,Royal Pride,,,,,,,restaurant,,,,,,,,,,,,,,,,,,,,,,,,,,,,,,,,,,,,,,,,,,,,,,,,,,,,,,,,,,,,,node,,,,,
23.0687153,False,1,,4672030298,72.5807241,0.0,1486476826,,,,,,,,,,,,,,,,,restaurant,,,,,,,,,,,,,,,,,,,,,,,,,,,,,,,,,,,,,,,,,,,,,,,,,,,,,,,,,,,,,node,,,,,
23.0550362,False,1,"{""name:en"":""nilam snacks""}",4685354589,72.5398877,0.0,1487083648,,,,,,,,,,nilam snacks,,,,,,,fast_food,,,,,,,,,,,,,,,,,,,,,,,,,,,,,,,,,,,,,,,,,,,,,,,,,,,,,,,,,,,,,node,,,,,
23.0071778,False,1,"{""cuisine"":""indian"",""name:en"":""Tan-man bhaji pav"",""name:hi"":""Tan-man bhaji pav""}",4704651212,72.6638136,0.0,1487993761,,,,,,382418,,tanman chokdi,,Tan-man bhaji pav,,,,,,,fast_food,,,,,,,,,,,,,,,,,,,,,,,,,,,,,,,,,,,,,,,,,,,,,,,,,,,,,,,,,,,,,node,,,,,
23.0168753,False,1,"{""cuisine"":""regional""}",4718583250,72.4703195,0.0,1488728267,,,,,,,,,,Upper Crest,,,,,,,restaurant,,,,,,,,,,,,,,,,,,,,,,,,,,,,,,,,,,,,,,,,,,,,,,,,,,,,,,,,,,,,,node,,,,,
23.0422816,False,4,"{""brand"":""Subway"",""brand:pa"":""\u0A38\u0A2C\u0A35\u0A47\u0A05"",""brand:ur"":""\u0633\u0628 \u0648\u06D2"",""brand:wikidata"":""Q244457"",""brand:wikipedia"":""en:Subway (restaurant)"",""cuisine"":""sandwich"",""name:pa"":""\u0A38\u0A2C\u0A35\u0A47\u0A05"",""name:ur"":""\u0633\u0628 \u0648\u06D2"",""takeaway"":""yes""}",4797415998,72.549183,0.0,1644180497,,,,,,,,,,Subway,,,,,,,fast_food,,,,,,,,,,,,,,,,,,,,,,,,,,,,,,,,,,,,,,,,,,,,,,,,,,,,,,,,,,,,,node,,,,,
23.042429,False,2,"{""cuisine"":""pizza"",""takeaway"":""yes""}",4797416004,72.5486687,0.0,1556779561,Ahmedabad,,,G2 Yash Aqua,,380009,,"Vijay Cross Road, Navarangpura",,Fullfills Ahmedabad,,,,,,,cafe,,,,,,,,,,,,,,,,,,,,,,,,,,,,,,,,,,,,,,,,,,,,,,,,,,,,,,,,,,,,,node,,,,,
23.0416337,False,1,"{""cuisine"":""pizza""}",4797416005,72.5490709,0.0,1492388301,,,,,,,,,,quinches,,,,,,,cafe,,,,,,,,,,,,,,,,,,,,,,,,,,,,,,,,,,,,,,,,,,,,,,,,,,,,,,,,,,,,,node,,,,,
23.042389,False,2,,4797416006,72.5492178,0.0,1637908552,,,,,,,,,,uno pizza,,,,,,,cafe,,,,,,,,,,,,,,,,,,,,,,,,,,,,,,,,,,,,,,,,,,,,,,,,,,,,,,,,,,,,,node,,,,,
23.1871084,False,3,"{""capacity"":""20"",""cuisine"":""regional"",""delivery"":""yes"",""outdoor_seating"":""no"",""smoking"":""no"",""takeaway"":""yes""}",4810670481,72.5728883,0.0,1566012163,,,,,,,,,,Nishra Restaurant,11:00-22:00,,,,,,restaurant,,,,,,,,,,,,,,,,,,,,,,,,,,,,,,,,,,,,,,,,,,,,,,,,,,,,,,,,,,,,,node,,,,,
23.0444534,False,2,"{""cuisine"":""Multi_Cuisine"",""outdoor_seating"":""no"",""smoking"":""outside""}",5029238558,72.5505062,0.0,1566012163,ahmedabad,,,34,,,,memnagar,,The Cafe Baraco,11:00-01:00,,,,,,cafe,,,,,,,,,,,,,,,,,,,,,,,,,,,,,,,,,,,,,,,,,,,,,,,,,,,,,,,,,,,,,node,,,,,
23.0398379,False,1,"{""delivery"":""no"",""drive_through"":""no"",""outdoor_seating"":""no"",""smoking"":""no"",""takeaway"":""yes""}",5140818187,72.5276503,0.0,1506847601,,,,,,,,,,Iscon Ghantiya,,,,,,,fast_food,,,,,,,,,,,,,,,,,,,,,,,,,,,,,,,,,,,,,,,,,,,,,,,,,,,,,,,,,,,,,node,,,,,
22.9945198,False,1,"{""cuisine"":""indian""}",5177688241,72.665834,0.0,1508483625,,,,,,,,,,Hotel Purohit Por,,,,,,,restaurant,,,,,,,,,,,,,,,,,,,,,,,,,,,,,,,,,,,,,,,,,,,,,,,,,,,,,,,,,,,,,node,,,,,
23.0287895,False,1,,5197470721,72.4775187,0.0,1509256130,,,,,,,,,,Havmor restaurant,,,,,,,restaurant,,,,,,,,,,,,,,,,,,,,,,,,,,,,,,,,,,,,,,,,,,,,,,,,,,,,,,,,,,,,,node,,,,,
23.0346667,False,1,,5276640722,72.5603703,0.0,1512967199,,,,,,,,,,Seva Cafe,,,,,,,cafe,,,,,,,,,,,,,,,,,,,,,,,,,,,,,,,,,,,,,,,,,,,,,,,,,,,,,,,,,,,,,node,,,,,
23.033026,False,1,,5329590125,72.5577346,0.0,1515512326,,,,,,,,,,Unlocked,,,,,,,cafe,,,,,,,,,,,,,,,,,,,,,,,,,,,,,,,,,,,,,,,,,,,,,,,,,,,,,,,,,,,,,node,,,,,
23.0320819,False,1,,5340470022,72.5600295,0.0,1516009207,,,,,,,,Chimanlal Girdharlal Road,,Cafe udipi richi,,,,,,,cafe,,,,,,,,,,,,,,,,,,,,,,,,,,,,,,,,,,,,,,,,,,,,,,,,,,,,,,,,,,,,,node,,,,,
23.0742871,False,1,,5403772221,72.6506214,0.0,1518276821,,,,,,,,Kotar pur-airport road,,Hotel Emerland,,,,,,,restaurant,,,,,,,,,,,,,,,,,,,,,,,,,,,,,,,,,,,,,,,,,,,,,,,,,,,,,,,,,,,,,node,,,,,
23.0122064,False,1,"{""outdoor_seating"":""yes""}",5407346983,72.5062163,0.0,1518443743,,,,,,,,,,In-Garden Cafe,,,,,,,cafe,,,,,,,,,,,,,,,,,,,,,,,,,,,,,,,,,,,,,,,,,,,,,,,,,,,,,,,,,,,,,node,,,,,
23.0236978,False,1,,5496066223,72.5995018,0.0,1521716576,,,,,,,,,,Sanmani Restaurant,,,,,,,restaurant,,,,,,,,,,,,,,,,,,,,,,,,,,,,,,,,,,,,,,,,,,,,,,,,,,,,,,,,,,,,,node,,,,,
23.0275402,False,1,,5527659737,72.559229,0.0,1522839780,,,,,,,,,,Takshshila Food Court,,,,,,,restaurant,,,,,,,,,,,,,,,,,,,,,,,,,,,,,,,,,,,,,,,,,,,,,,,,,,,,,,,,,,,,,node,,,,,
23.0246356,False,1,"{""cuisine"":""gujarati;kathiawari;punjabi""}",5527662483,72.5714777,0.0,1522839778,,,,,,,,,,Jai Jalaram Parontha House,,,,,,,restaurant,,,,,,,,,,,,,,,,,,,,,,,,,,,,,,,,,,,,,,,,,,,,,,,,,,,,,,,,,,,,,node,,,,,
23.0144058,False,1,,5527662869,72.565418,0.0,1522839778,,,,,,,,,,Udipi Cafe,,,,,,,cafe,,,,,,,,,,,,,,,,,,,,,,,,,,,,,,,,,,,,,,,,,,,,,,,,,,,,,,,,,,,,,node,,,,,
23.1800841,False,1,"{""capacity"":""50"",""cuisine"":""indian;regional"",""delivery"":""no"",""outdoor_seating"":""no"",""payment:cash"":""yes"",""payment:coins"":""yes"",""payment:credit_cards"":""yes"",""payment:debit_cards"":""yes"",""smoking"":""no"",""takeaway"":""no""}",5546134536,72.5735839,0.0,1523473187,,,,,,,,,,Samrasi - Premium Bhojnalaya,,,,,,,restaurant,,,,,,,,,,,,,,,,,,,,,,,,,,,,,,,,,,,,,,,,,,,,,,,,,,,,,,,,,,,,,node,,,,,
23.0284866,False,1,,5753441521,72.4766561,0.0,1531296985,,,,,,,,Ambli Bopal Road,,Jalaram Parotha house,,,,,,,restaurant,,,,,,,,,,,,,,,,,,,,,,,,,,,,,,,,,,,,,,,,,,,,,,,,,,,,,,,,,,,,,node,,,,,
23.1333506,False,4,"{""cuisine"":""indian"",""diet:vegetarian"":""yes""}",6088126794,72.6334745,0.0,1611396276,,,,,,,,,,Vrindavan,,,,,,,restaurant,,,,,,,,,,,,,,,,,,,,,,,,,,,,,,,,,,,,,,,,,,,,,,,,,,,,,,,,,,,,,node,,,,,
23.1931868,False,1,"{""cuisine"":""coffee_shop;sandwich;teahouse""}",6113416289,72.6148754,0.0,1543853593,Gandhinagar,,,,,382421,,Sargasan Crossroad,,Khetlaapa Tea Shop,24/7,,,,,,cafe,,,,,,,,,,,,,,,,,,,,,,,,,,,,,,,,,,,,,,,,,,,,,,,,,,,,,,,,,,,,,node,,,,,
23.1950881,False,2,,6113416290,72.6146833,0.0,1545134756,Gandhinagar,,,,,382421,,"Sarthak Mall, Kh-Road",,7 Colours Pan Parlor,,,,,,,cafe,,,,,,,,,,,,,,,,,,,,,,,,,,,,,,,,,,,,,,,,,,,,,,,,,,,,,,,,,,,,,node,,,,,
23.0169709,False,1,"{""name:ja"":""\u30C1\u30AD\u30F3\u30D3\u30EA\u30E4\u30CB""}",6183928288,72.5835893,0.0,1546612625,,,,,,,,,,Chicken biryani,,,,,,,restaurant,,,,,,,,,,,,,,,,,,,,,,,,,,,,,,,,,,,,,,,,,,,,,,,,,,,,,,,,,,,,,node,,,,,
23.0197975,False,1,,6183937086,72.5838568,0.0,1546612626,,,,,,,,,,K.G.N. Chinese Fry Centre,,,,,,,restaurant,,,,,,,,,,,,,,,,,,,,,,,,,,,,,,,,,,,,,,,,,,,,,,,,,,,,,,,,,,,,,node,,,,,
23.0355672,False,1,"{""air_conditioning"":""yes"",""cuisine"":""pizza;italian;coffee_shop;indian"",""delivery"":""yes"",""outdoor_seating"":""yes""}",6649963089,72.5061396,0.0,1564143232,ahmedabad,,,0,,380054,,"behind bogarosa, rajpath club, bodakdev.",,cabana lounge,,,+919998822297,,,,cafe,,,,,,,,,,,,,,,,,,,,,,,,,,,,,,,,,,,,,,,,,,,,,,,,,,,,,,,,,,,,,node,,,,,
22.9798046,False,1,,6831009179,72.5737246,0.0,1569597497,,,,,,,,,,Himalaya Bakery,,,,,,,fast_food,,,,,,,,,,,,,,,,,,,,,,,,,,,,,,,,,,,,,,,,,,,,,,,,,,,,,,,,,,,,,node,,,,,
23.0012911,False,1,"{""name:ko"":""Domino Pizza""}",7020233388,72.5995705,0.0,1575046603,,,,,,,,,,,,,,,,,restaurant,,,,,,,,,,,,,,,,,,,,,,,,,,,,,,,,,,,,,,,,,,,,,,,,,,,,,,,,,,,,,node,,,,,
23.034043,False,1,,7137331982,72.5018226,0.0,1579199061,,,,,,,,,,The Cafe Date,,,,,,,cafe,,,,,,,,,,,,,,,,,,,,,,,,,,,,,,,,,,,,,,,,,,,,,,,,,,,,,,,,,,,,,node,,,,,
23.0360509,False,3,"{""air_conditioning"":""yes"",""capacity"":""50"",""cuisine"":""pizza;coffee_shop;sandwich;italian;ice_cream;regional;mexican"",""delivery"":""yes"",""description"":""Freshly Brewed Coffee and delicious food"",""internet_access:fee"":""customers"",""level"":""2"",""outdoor_seating"":""yes"",""payment:american_express"":""yes"",""payment:cards"":""yes"",""payment:cash"":""yes"",""payment:coins"":""yes"",""payment:contactless"":""yes"",""payment:debit_cards"":""yes"",""payment:maestro"":""yes"",""payment:mastercard"":""yes"",""payment:visa"":""yes"",""takeaway"":""yes""}",8039346176,72.5611735,0.0,1692532184,Ahmedabad,IN,,1,,380009,,Swastik Cross Road /Swastik Society Road / Swastik X Road,coffeestandbbc@gmail.com,Coffee Stand-CG Road,24/7,,+919726323358,,,,cafe,,,,,,,,,,,,,,wlan,,,,,,,,,,,,,,,,,,,,,,,,,,,,,,,,,,,,,,,,,,,,,,,node,,,,,
23.1875373,False,3,"{""air_conditioning"":""yes"",""cuisine"":""regional;indian;buffet"",""delivery"":""yes"",""diet:vegetarian"":""yes"",""outdoor_seating"":""no"",""smoking"":""no""}",8152270626,72.5739984,0.0,1672266110,Adalaj,,,Shivam 2,,382421,,Trimandir - Dadanagar Rd,,fiftyeight sixtyeight - 5868,,,+91 95747 45868,,,https://www.vinncahotels.com/,restaurant,,,,,,,,,,,,,,,,,,,,,,,,,,,,,,,,,,,,,,,,,,,,,,,,,,,,,,,,,,,,,node,,,,,
23.0221413,False,2,"{""brand"":""McDonald's"",""brand:pa"":""\u0A2E\u0A48\u0A15\u0A21\u0A4B\u0A28\u0A32\u0A21\u2019\u0A1C\u0A3C"",""brand:ur"":""\u0645\u06A9\u0688\u0648\u0646\u0644\u0688\u0632"",""brand:wikidata"":""Q38076"",""brand:wikipedia"":""en:McDonald's"",""brand:wikipedia:pa"":""\u0A2E\u0A48\u0A15\u0A21\u0A4B\u0A28\u0A32\u0A21\u2019\u0A1C\u0A3C"",""brand:wikipedia:ur"":""\u0645\u06A9\u0688\u0648\u0646\u0644\u0688\u0632"",""cuisine"":""burger"",""name:pa"":""\u0A2E\u0A48\u0A15\u0A21\u0A4B\u0A28\u0A32\u0A21\u2019\u0A1C\u0A3C"",""name:ur"":""\u0645\u06A9\u0688\u0648\u0646\u0644\u0688\u0632"",""takeaway"":""yes""}",8455774613,72.5567513,0.0,1644179856,,,,,,,,,,McDonald's,,,,,,,fast_food,,,,,,,,,,,,,,,,,,,,,,,,,,,,,,,,,,,,,,,,,,,,,,,,,,,,,,,,,,,,,node,,,,,
23.0175789,False,1,"{""air_conditioning"":""yes"",""cuisine"":""indian"",""diet:vegetarian"":""yes""}",8490717173,72.4750517,0.0,1615004103,Ahmedabad,,,SoBo Centre,,,,200ft. Gala Gymkhana Road,,Hocco Eatery,,,,,,,restaurant,,,,,,,,,,,,,,,,,,,,,,,,,,,,,,,,,,,,,,,,,,,,,,,,,,,,,,,,,,,,,node,,,,,
23.0244466,False,1,"{""cuisine"":""Gujarati;regional"",""diet:vegetarian"":""yes""}",8548483880,72.5589826,0.0,1616405970,,,,,,,,,,Swati Snacks,,,,,,https://www.swatisnacks.com/,restaurant,,,,,,,,,,,,,,,,,,,,,,,,,,,,,,,,,,,,,,,,,,,,,,,,,,,,,,,,,,,,,node,,,,,
23.0158336,False,1,,8847682611,72.5508007,0.0,1624088859,,,,,,,,,,Deshi Chulha Non-veg,,,,,,,cafe,,,,,,,,,,,,,,,,,,,,,,,,,,,,,,,,,,,,,,,,,,,,,,,,,,,,,,,,,,,,,node,,,,,
23.0451215,False,1,,8847682612,72.4854863,0.0,1624088859,,,,,,,,,,Bean Box Cafe,,,,,,,cafe,,,,,,,,,,,,,,,,,,,,,,,,,,,,,,,,,,,,,,,,,,,,,,,,,,,,,,,,,,,,,node,,,,,
23.0875162,False,2,"{""air_conditioning"":""yes"",""capacity"":""100"",""cuisine"":""indian;regional;asian"",""diet:meat"":""yes"",""diet:vegan"":""yes"",""diet:vegetarian"":""yes""}",8972208043,72.683768,0.0,1631266655,Ahmedabad,,,"4,5,6, Nadroda Business Hub",,382330,,"opp. Satva Green Party Plot, Nr. Ring Road Circle Hanspura, Naroda - Dahegam Road",,Babadeepsingh Restaurant,Mo-Su 11:00-23:00,,,,,"https://www.google.com/maps/place/Babadeepsingh+Restaurant/@23.0874355,72.6838467,44m/data=!3m1!1e3!4m5!3m4!1s0x0:0xb4ba50b58fd62be4!8m2!3d23.0874765!4d72.6838011",restaurant,,,,,,,,,,,,,,,,,,,,,,,Flood DMBD;Flood;Flood DMBD Clientele;Reu,,,,,,,,,,,,,,,,,,,,,,,,,,,,,,,,,,,,,,node,,,,,
23.0163696,False,1,"{""air_conditioning"":""yes"",""cuisine"":""regional;indian""}",8998662168,72.5248026,0.0,1628685962,Ahmedabad,,,,,380015,,Shivalay Apartment 2,,Diwan Bhel Pakodi Center,Mo-Su 11:00-22:00,,,,,,fast_food,,,,,,,,,,,,,,,,,,,,,,,,,,,,,,,,,,,,,,,,,,,,,,,,,,,,,,,,,,,,,node,,,,,
23.0163966,False,1,"{""cuisine"":""regional;indian""}",8998662169,72.5243683,0.0,1628685962,Ahmedabad,,,GF-5,,380015,,Nandanvan 3,,Jagdish Chaat Pakodi Center,Mo-Su 14:00-22:30,,,,,,fast_food,,,,,,,,,,,,,,,,,,,,,,,,,,,,,,,,,,,,,,,,,,,,,,,,,,,,,,,,,,,,,node,,,,,
23.0172744,False,2,"{""addr:suburb"":""Shyamal"",""brand"":""Domino's"",""brand:ks"":""\u0688\u0648\u0645\u06CC\u0646\u0648\u0632"",""brand:pa"":""\u0A21\u0A4B\u0A2E\u0A40\u0A28\u0A4B\u0A1C\u0A3C"",""brand:ur"":""\u0688\u0648\u0645\u06CC\u0646\u0648\u0632"",""brand:wikidata"":""Q839466"",""brand:wikipedia"":""en:Domino's Pizza"",""cuisine"":""pizza"",""delivery"":""yes"",""name:ks"":""\u0688\u0648\u0645\u06CC\u0646\u0648\u0632"",""name:pa"":""\u0A21\u0A4B\u0A2E\u0A40\u0A28\u0A4B\u0A1C\u0A3C"",""name:ur"":""\u0688\u0648\u0645\u06CC\u0646\u0648\u0632"",""takeaway"":""yes""}",9005464434,72.5299212,0.0,1645324102,Ahmedabad,,,,Sigma Icon,380015,,132 Ft. Ring Road,,Domino's,Mo-Su 10:00-23:00,,18002081234,,,,fast_food,,,,,,,,,,,,,,,,,,,,,,,,,,,,,,,,,,,,,,,,,,,,,,,,,,,,,,,,,,,,,node,,,,,
23.0116205,False,2,"{""air_conditioning"":""yes"",""cuisine"":""pizza"",""delivery"":""yes""}",9006994317,72.5052184,0.0,1628966304,Ahmedabad,,,GF7-8,,380015,,Opp Prahladnagar Garden,,La Milano Pizzeria Prahladnagar,Mo-Su 10:00-22:00,,+916359149090,,,,restaurant,,,,,,,,,,,,,,,,,,,,,,,,,,,,,,,,,,,,,,,,,,,,,,,,,,,,,,,,,,,,,node,,,,,
23.0258612,False,3,"{""brand"":""McDonald's"",""brand:pa"":""\u0A2E\u0A48\u0A15\u0A21\u0A4B\u0A28\u0A32\u0A21\u2019\u0A1C\u0A3C"",""brand:ur"":""\u0645\u06A9\u0688\u0648\u0646\u0644\u0688\u0632"",""brand:wikidata"":""Q38076"",""brand:wikipedia"":""en:McDonald's"",""brand:wikipedia:pa"":""\u0A2E\u0A48\u0A15\u0A21\u0A4B\u0A28\u0A32\u0A21\u2019\u0A1C\u0A3C"",""brand:wikipedia:ur"":""\u0645\u06A9\u0688\u0648\u0646\u0644\u0688\u0632"",""cuisine"":""burger"",""name:pa"":""\u0A2E\u0A48\u0A15\u0A21\u0A4B\u0A28\u0A32\u0A21\u2019\u0A1C\u0A3C"",""name:ur"":""\u0645\u06A9\u0688\u0648\u0646\u0644\u0688\u0632"",""takeaway"":""yes""}",9009705206,72.4762382,0.0,1644179856,Ahmedabad,,,SN 1,,380058,,Sardar Patel Ring Road,,McDonald's,,,+919372722317,,,https://www.mcdelivery.co.in/,fast_food,,,,,,,,,,,,,,,,,,,,,,,,,,,,,,,,,,,,,,,,,,,,,,,,,,,,,,,,,,,,,node,,,,,
23.0123743,False,3,"{""brand"":""McDonald's"",""brand:pa"":""\u0A2E\u0A48\u0A15\u0A21\u0A4B\u0A28\u0A32\u0A21\u2019\u0A1C\u0A3C"",""brand:ur"":""\u0645\u06A9\u0688\u0648\u0646\u0644\u0688\u0632"",""brand:wikidata"":""Q38076"",""brand:wikipedia"":""en:McDonald's"",""brand:wikipedia:pa"":""\u0A2E\u0A48\u0A15\u0A21\u0A4B\u0A28\u0A32\u0A21\u2019\u0A1C\u0A3C"",""brand:wikipedia:ur"":""\u0645\u06A9\u0688\u0648\u0646\u0644\u0688\u0632"",""cuisine"":""burger"",""name:pa"":""\u0A2E\u0A48\u0A15\u0A21\u0A4B\u0A28\u0A32\u0A21\u2019\u0A1C\u0A3C"",""name:ur"":""\u0645\u06A9\u0688\u0648\u0646\u0644\u0688\u0632"",""takeaway"":""yes""}",9009771427,72.511119,0.0,1644179856,Ahmedabad,,,A-04 A-05,,380015,,100 Ft. Road,,McDonald's,Mo-Su 10:00-22:45,,+918928304108,,,https://www.mcdelivery.co.in/,fast_food,,,,,,,,,,,,,,,,,,,,,,,,,,,,,,,,,,,,,,,,,,,,,,,,,,,,,,,,,,,,,node,,,,,
23.0875987,False,3,"{""air_conditioning"":""yes"",""cuisine"":""coffee_shop;pizza;burger;sandwich"",""description"":""Crush culture is a dine-in cafe bar with love and peaceful moments to be enjoyed. You can make parties over here like birthday, anniversary, reunion and bachelor party. Our specialty:- 1. Photo wall 2. Couple box 3. Nitrogen coffee 4. Fish massage 5. Birt"",""image"":""https://www.google.com/local/place/fid/0x395e81e7a7ee76af:0x348c69d3c446bfa4/photosphere?iu=https://lh5.googleusercontent.com/p/AF1QipNJ0e2M7nBwKtsz5pXD05YE1kgbJdg_zrJRvYPA%3Dw160-h106-k-no-pi-0-ya60.000004-ro-0-fo100&ik=CAoSLEFGMVFpcE5KMGUyTTduQndLdHN6NX""}",9078990286,72.6839578,0.0,1692532194,Ahmedabad,,,"106, Naroda business hub, NR. New D-Mart, Naroda-dehgam road",,382330,,Hanspura,,Crush Culture Cafe Bar,Mo-Su 10:00-22:00,,+91 9974 973181,,,https://instagram.com/crush_culture_cafebar?utm_medium=copy_link,cafe,,,,,no,,,,,,,,,no,,,,,,,,,Flood DMBD;Flood;Flood DMBD Clientele;Reu,,,,,,,,,,,,,,,,,,,,,,,,,,,,,,,,,,,,,,node,,,,,
23.0496098,False,2,"{""air_conditioning"":""yes"",""capacity"":""30"",""cuisine"":""pizza;regional;burger;coffee_shop;italian;chinese;sandwich;asian;indian""}",9116794693,72.6705415,0.0,1692532195,Ahmedabad,,,,,382350,,,,Dadu Cafe,Mo-Su 11:00-23:00,,+91 97254 00091,,,https://www.instagram.com/dadu_cafe_nikol/,cafe,,,,,,,,,,,,,,no,,,,,,,,,Flood DMBD,,,,,,,,,,,,,,,,,,,,,,,,,,,,,,,,,,,,,,node,,,,,
23.0359596,False,2,"{""air_conditioning"":""yes"",""cuisine"":""gujarati;regional;indian"",""diet:vegetarian"":""yes"",""name:gu"":""\u0A97\u0ACB\u0AB0\u0AA7\u0AA8 \u0AA5\u0ABE\u0AB2"",""outdoor_seating"":""no"",""reservation"":""recommended""}",9123477265,72.5111196,0.0,1637565359,Ahmedabad,,,,,380054,,"Shapath Tower Ground Floor Sarkhej Gandhi Nagar Highway, Near State Bank Of India, Thaltej",,Gordhan Thal,"Mo-Su 11:00-15:00,03:45-21:45",,,,,http://thegordhangroup.com/,restaurant,,,,,,,,,,,,,,,,,,,,,,,,,,,,,,,,,,,,,,,,,,,,,,,,,,,,,,,,,,,,,node,,,,,
23.0361967,False,2,"{""cuisine"":""pizza;burger;sandwich;fast_food;tea_shop;juice"",""drive_through"":""no""}",9123574763,72.5110489,0.0,1682874953,,,,,,,,,,Deva's Coffee Bar,,,,,,,fast_food,,,,,,,,,,,,,,,,,,,,,,,,,,,,,,,,,,,,,,,,,,,,,,,,,,,,,,,,,,,,,node,,,,,
23.0371443,False,1,,9287451026,72.5290405,0.0,1637995006,,,,Himalaya Arcade B,,,,"Sargam Marg, Nehru Park Cir, Mahavir Nagar society, Vastrapur, Ahmedabad, Gujarat 380015",,Shreeji Krupa Bombay Vadapav,,,,,,,fast_food,,,,,,,,,,,,,,,,,,,,,,,,,,,,,,,,,,,,,,,,,,,,,,,,,,,,,,,,,,,,,node,,,,,
23.0319557,False,2,"{""branch"":""Bodakdev"",""brand"":""Starbucks"",""brand:wikidata"":""Q37158"",""cuisine"":""coffee_shop"",""official_name"":""Starbucks Coffee"",""takeaway"":""yes""}",9292073779,72.5107614,0.0,1716271362,,,,,,380054,,,,Starbucks,Mo-Su 7:00-24:00,,,,,https://www.starbucks.in/,cafe,,,,,,,,,,,,,,,,,,,,,,,,,,,,,,,,,,,,,,,,,,,,,,,,,,,,,,,,,,,,,node,,,,,
23.0318311,False,1,,9292073782,72.511298,0.0,1638167702,,,,Ground Floor 6-9,,380054,,,,mocha,Mo-Su 11:00-23:00,,,,,https://www.mocha.co.in/,cafe,,,,,,,,,,,,,,,,,,,,,,,,,,,,,,,,,,,,,,,,,,,,,,,,,,,,,,,,,,,,,node,,,,,
23.0371776,False,1,,9296316189,72.5291086,0.0,1638279319,,,,Himalaya Arcade B,,,,"Sargam Marg, Nehru Park Cir, Mahavir Nagar society, Vastrapur, Ahmedabad, Gujarat 380015",,Gajanand Pauva House,Mo-Su 04:30-23:30,,,,,,fast_food,,,,,,,,,,,,,,,,,,,,,,,,,,,,,,,,,,,,,,,,,,,,,,,,,,,,,,,,,,,,,node,,,,,
23.0371316,False,1,"{""description"":""Chole Puri, Parathas, Thepla, Pulav""}",9296318313,72.5290981,0.0,1638279271,,,,Himalaya Arcade B,,,,"Sargam Marg, Nehru Park Cir, Mahavir Nagar society, Vastrapur, Ahmedabad, Gujarat 380015",,Jay Mataji Fast Food,Mo-Su 08:00-21:00,,+919377080380,,,,fast_food,,,,,,,,,,,,,,,,,,,,,,,,,,,,,,,,,,,,,,,,,,,,,,,,,,,,,,,,,,,,,node,,,,,
23.0182853,False,1,"{""address"":""Near Auda Garden, Opp. Samanavya Residency, South Bopal, Ahmedabad""}",9310325493,72.4716006,0.0,1638616927,,,,,,,,,,Purohit Chavana and Sweet Mart,,,+919824013574,,,,fast_food,,,,,,,,,,,,,,,,,,,,,,,,,,,,,,,,,,,,,,,,,,,,,,,,,,,,,,,,,,,,,node,,,,,
23.0276271,False,1,"{""address"":""Ground Floor 1, P 2 HUB Opposite National Handloom, Law Garden Road, Off, Chimanlal Girdharlal Rd, Ahmedabad, Gujarat 380006"",""cuisine"":""pizza""}",9318813907,72.5588748,0.0,1638899902,,,,,,,,,,Puffiza,Mo-Su 11:00-22:00,,079 4039 5555,,,https://puffiza.com,fast_food,,,,,,,,,,,,,,,,,,,,,,,,,,,,,,,,,,,,,,,,,,,,,,,,,,,,,,,,,,,,,node,,,,,
23.0116726,False,2,,9345872082,72.5081733,0.0,1693805918,,,,3rd floor,,,,"100 ft. Road, Prahaladnagar",,Skyz Restaurant and Banquet,,,07926931600,,,,restaurant,,,,,,,,,,,,,,,,,,,,,,,,,,,,,,,,,,,,,,,,,,,,,,,,,,,,,,,,,,,,,node,,,,,
23.0322805,False,3,"{""brand"":""The Waffling Station"",""cuisine"":""dessert;waffles;shakes;cold_coffee"",""diet:vegetarian"":""yes""}",9348528050,72.5551823,0.0,1692532197,Ahmedabad,,,"Ground Floor, Vaibhav Flats,",,380009,,"H.L Commerce College Rd, Navrangpara",,The Waffling Station,Mo-Su 12:00-00:00,,+919725035686,,,https://thewafflingstation.com/,restaurant,,,,,,,,,,,,,,,,,,,,,,,,,,,,,,,,,,,,,,,,,,,,,,,,,,,,,,,,,,,,,node,,,,,
23.1925108,False,1,"{""air_conditioning"":""yes"",""brand"":""McDonald's"",""brand:wikidata"":""Q38076"",""cuisine"":""burger"",""delivery"":""yes"",""diet:non-vegetarian"":""yes"",""diet:vegetarian"":""yes"",""drive_through"":""no"",""outdoor_seating"":""no"",""payment:american_express"":""yes"",""payment:app"":""yes"",""payment:cards"":""yes"",""payment:cash"":""yes"",""payment:coins"":""yes"",""payment:contactless"":""yes"",""payment:credit_cards"":""yes"",""payment:debit_cards"":""yes"",""payment:maestro"":""yes"",""payment:mastercard"":""yes"",""payment:notes"":""yes"",""payment:visa"":""yes"",""smoking"":""no"",""takeaway"":""yes""}",9806747712,72.6164238,0.0,1654788038,Gandhinagar,,,,,382421,,Gandhinagar Bypass Road,,McDonald's,,,,,,https://www.mcdonaldsindia.com,fast_food,,,,,,,,,,,,,,,,,,,,,,,local knowledge,,,,,,,,,,,,,,,,,,,,,,,,,,,,,,,,,,,,,,node,,,,,
23.1923234,False,1,"{""air_conditioning"":""yes"",""branch"":""Shital Enterprise"",""brand"":""Shiva's"",""cuisine"":""coffee_shop;pizza;burger;italian;sandwich"",""delivery"":""yes"",""diet:vegetarian"":""yes"",""level"":""0"",""outdoor_seating"":""no"",""payment:cards"":""yes"",""payment:cash"":""yes"",""payment:contactless"":""yes"",""reservation"":""yes"",""smoking"":""no"",""takeaway"":""yes""}",9806747713,72.6165249,0.0,1654788038,Gandhinagar,,,"Shop no.5 , Ground Floor",,382421,,Gandhinagar Bypass Road,,Shiva's Cafe,Mo-Su 08:00-24:00,,+918128886999,,,,cafe,,,,,,,,,,,,,,no,,,,,,,,,local knowledge,,,,,,,,,,,,,,,,,,,,,,,,,,,,,,,,,,,,,,node,,,,,
23.1918606,False,1,"{""air_conditioning"":""no"",""cuisine"":""pizza;regional;italian;chinese;mexican;indian;asian"",""delivery"":""yes"",""diet:vegetarian"":""yes"",""level"":""6"",""outdoor_seating"":""yes"",""payment:cards"":""yes"",""payment:cash"":""yes"",""payment:contactless"":""yes"",""reservation"":""yes"",""smoking"":""no"",""takeaway"":""yes""}",9806747714,72.616653,0.0,1654788038,Gandhinagar,,,,,382421,,Gandhinagar Bypass Road,,Upper Deck,,,,,,,restaurant,,,,,,,,,,,,,,,,,,,,,,,local knowledge,,,,,,,,,,,,,,,,,,,,,,,,,,,,,,,,,,,,,,node,,,,,
23.0267886,False,1,"{""cuisine"":""indian"",""diet:vegetarian"":""yes""}",9809086195,72.5079662,0.0,1654875881,Ahemedabad,,,,,380015,,"Dev Arc Commercial Complex, 106, Iskcon Cross Rd, Near iscon cross road, Ramdev Nagar,",,The Grill Street,,,,,,,restaurant,,,,,,,,,,,,,,,,,,,,,,,,,,,,,,,,,,,,,,,,,,,,,,,,,,,,,,,,,,,,,node,,,,,
23.0396084,False,1,"{""description"":""daskhamanhouse@yahoo.com""}",9878358235,72.5644073,0.0,1657430810,,,,,,,,Navrangpura,,The House of Khaman,Mo-Su 08:30-21:30,,+91 88660 79988,,,http://daskhaman.com,restaurant,,,,,,,,,,,,,,,,,,,,,,,,,,,,,,,,,,,,,,,,,,,,,,,,,,,,,,,,,,,,,node,,,,,
23.0218092,False,1,"{""address"":""Service Road, Besides Novotel, Opposite Karnavati Club, S.G. Highway, Ahmedabad""}",9951265800,72.5062361,0.0,1660411628,,,,,,,,,,Bhookh Lagi Hai?,,,+919001293435,,,,fast_food,,,,,,,,,,,,,,,,,,,,,,,,,,,,,,,,,,,,,,,,,,,,,,,,,,,,,,,,,,,,,node,,,,,
23.1170709,False,3,"{""cuisine"":""indian;pizza;chinese"",""outdoor_seating"":""yes"",""takeaway"":""yes""}",9996701486,72.6283409,0.0,1664211139,Ahmedabad,,,"304, 3rd Floor Xperia",,382424,,Sardar Patel Ring Road,,The House of Makeba (Bhat),Mo-Su 11:00-23:00,,,,,,restaurant,,,,,,,,,,,,,,,,,,,,,,,,,,,,,,,,,,,,,,,,,,,,,,,,,,,,,,,,,,,,,node,,,,,
23.017434,False,1,,10177917536,72.4756286,0.0,1668249530,,,,,,,,,,Gwalia Sweets,,,,,,,fast_food,,,,,,,,,,,,,,,,,,,,,,,,,,,,,,,,,,,,,,,,,,,,,,,,,,,,,,,,,,,,,node,,,,,
23.0319107,False,1,"{""cuisine"":""indian""}",10225625719,72.5883477,0.0,1669727886,,,,,,,,,,Authentic cafe,,,,,,,cafe,,,,,,,,,,,,,,,,,,,,,,,,,,,,,,,,,,,,,,,,,,,,,,,,,,,,,,,,,,,,,node,,,,,
23.0123617,False,1,,10550714022,72.5110318,0.0,1673630950,,,,"107, Safal Pegasus",,,,"100 Feet, Anandnagar Road,",,Jassi De Parathe,Mo-Su 11:00-23:00,,+91 95102 22000,,,https://jassideparathe.com,restaurant,,,,,,,,,,,,,,,,,,,,,,,,,,,,,,,,,,,,,,,,,,,,,,,,,,,,,,,,,,,,,node,,,,,
23.0410761,False,1,,10750415881,72.5269272,0.0,1679394683,,,,,,,,,,Choco drama,,,,,,,cafe,,,,,,,,,,,,,,,,,,,,,,,,,,,,,,,,,,,,,,,,,,,,,,,,,,,,,,,,,,,,,node,,,,,
23.0407863,False,1,,10750415885,72.5275081,0.0,1679394683,,,,,,,,,,leela sandwich,,,,,,,fast_food,,,,,,,,,,,,,,,,,,,,,,,,,,,,,,,,,,,,,,,,,,,,,,,,,,,,,,,,,,,,,node,,,,,
23.1084228,False,1,,10959605481,72.5824778,0.0,1686059474,,,,,,,,,,Ramdev Farsan,,,,,,,restaurant,,,,,,,,,,,,,,,,,,,,,,,,,,,,,,,,,,,,,,,,,,,,,,,,,,,,,,,,,,,,,node,,,,,
23.1089422,False,1,,10959628584,72.5912774,0.0,1686060515,,,,,,,,,,Monginis Cake shop,,,,,,,restaurant,,,,,,,,,,,,,,,,,,,,,,,,,,,,,,,,,,,,,,,,,,,,,,,,,,,,,,,,,,,,,node,,,,,
23.1035224,False,2,,10959640143,72.5960745,0.0,1686063513,,,,,,,,,,Subway.,,,,,,,restaurant,,,,,,,,,,,,,,,,,,,,,,,,,,,,,,,,,,,,,,,,,,,,,,,,,,,,,,,,,,,,,node,,,,,
23.1096267,False,1,,10959661519,72.5938416,0.0,1686060805,,,,,,,,,,The Belgian Waffle,,,,,,,restaurant,,,,,,,,,,,,,,,,,,,,,,,,,,,,,,,,,,,,,,,,,,,,,,,,,,,,,,,,,,,,,node,,,,,
23.1096095,False,1,,10959671658,72.5942231,0.0,1686061473,,,,,,,,,,Tandoor & Tadka,,,,,,,restaurant,,,,,,,,,,,,,,,,,,,,,,,,,,,,,,,,,,,,,,,,,,,,,,,,,,,,,,,,,,,,,node,,,,,
23.1034803,False,2,,10959699945,72.5961933,0.0,1686063513,,,,,,,,,,La Pino's Pizza.,,,,,,,restaurant,,,,,,,,,,,,,,,,,,,,,,,,,,,,,,,,,,,,,,,,,,,,,,,,,,,,,,,,,,,,,node,,,,,
23.1056688,False,2,,10959715013,72.5957957,0.0,1771525974,,,,,,,,,,Dangee Dums,,,,,,,restaurant,,,,,,,,,,,,,,,,,,,,,,,,,,,,,,,,,,,,,,,,,,,,,,,,,,,,,,,,,,,,,node,,,,,
23.103377,False,2,,10959718509,72.5958266,0.0,1686063513,,,,,,,,,,La Milano Pizzeria.,,,,,,,restaurant,,,,,,,,,,,,,,,,,,,,,,,,,,,,,,,,,,,,,,,,,,,,,,,,,,,,,,,,,,,,,node,,,,,
23.102916,False,1,,10959725324,72.5952916,0.0,1686062782,,,,,,,,,,Gwalia Sweets Private Limited,,,,,,,restaurant,,,,,,,,,,,,,,,,,,,,,,,,,,,,,,,,,,,,,,,,,,,,,,,,,,,,,,,,,,,,,node,,,,,
23.0416984,False,3,"{""addr:district"":""Gujarat"",""cuisine"":""chinese;pizza;coffee_shop"",""diet:local"":""yes""}",11259129233,72.6784893,0.0,1697182188,Ahmedabad,,,1,,382350,,"Aarth Business Center, Ring Road, opp. Torrent Sub-Station, Nikol",,BLUEBERRY RESTAURANT & BANQUET,,,+91 97126 00530,,,https://www.google.com/search?q=BLUEBERRY+RESTAURANT+%26+BANQUET&sca_esv=573098824&sxsrf=AM9HkKlvC1EB4IVqvjupYP5K1tNLlW-sjg%3A1697177510335&ei=pt8oZZDoE_z7seMPo-CS-A8&ved=0ahUKEwiQ0_70rvKBAxX8fWwGHSOwBP8Q4dUDCBA&uact=5&oq=BLUEBERRY+RESTAURANT+%26+BANQUET&,restaurant,,,,,,,,,,,,,,,,,,,,,,,,,,,,,,,,,,,,,,,,,,,,,,,,,,,,,,,,,,,,,node,,,,,
23.1361303,False,1,"{""cuisine"":""ice_cream;waffle;shakes"",""internet_access:fee"":""yes""}",11419836108,72.5502307,0.0,1702629979,Gandhinagar,,,"B116, Shaligram Lakeview",,382470,,S P Ring Road,,Scoop N Munch,,,7203025213,,,,cafe,,,,,,,,,,,,,,wlan,,,,,,,,,,,,,,,,,,,,,,,,,,,,,,,,,,,,,,,,,,,,,,,node,,,,,
22.9782788,False,1,"{""cuisine"":""indian"",""diet:healthy"":""yes"",""diet:vegetarian"":""yes"",""drive_through"":""yes""}",11539673209,72.6106967,0.0,1705919943,,,,,,,,,,Sakha Surti Locho & Rasawala Khaman,Mo-Fr 09:00-17:00,Vaishali Khatri,+91 8780680039,,,,fast_food,,,,,,,,,,,,,,,,,,,,,,,,,,,,,,,,,,,,,,,,,,,,,,,,,,,,,,,,,,,,,node,,,,,
23.0681879,False,1,"{""cuisine"":""indian"",""diet:vegetarian"":""yes""}",11563630520,72.576195,0.0,1706521011,,,,,,,,,,Dosawala,Mo-Su 09:00-21:00,,8238011325,,,,restaurant,,,,,,,,,,,,,,,,,,,,,,,,,,,,,,,,,,,,,,,,,,,,,,,,,,,,,,,,,,,,,node,,,,,
23.0843166,False,1,"{""cuisine"":""coffee_shop;fast_food"",""outdoor_seating"":""yes""}",11575789971,72.4878637,0.0,1706767866,Ahmedabad,,,,,380060,,Science City Bhadaj Road,,Stallions Cafe,,,+919909909560,,,,cafe,,,,,,,,,,,,,,,,,,,,,,,,,,,,,,,,,,,,,,,,,,,,,,,,,,,,,,,,,,,,,node,,,,,
23.0381383,False,2,"{""air_conditioning"":""yes"",""branch"":""Nikol"",""capacity"":""100"",""cuisine"":""pizza;regional;italian;burger;chinese;sandwich;mexican;kebab;indian;ice_cream;international"",""diet:vegetarian"":""yes"",""takeaway"":""yes""}",11724303079,72.6772579,0.0,1710246020,,,,,,,,,,1944 The Hocco Kitchen,Mo-Su 09:00-23:00,,9904623689,,,,restaurant,,,,,,,,,,,,,,,,,,,,,,,,,,,,,,,,,,,,,,,,,,,,,,,,,,,,,,,,,,,,,node,,,,,
23.1048411,False,1,"{""address"":""Cross Road, Devnagar, Ahmedabad, Gujarat 382481""}",11773753701,72.5379754,0.0,1711813771,,,,,,,,,,The Gyan Café,,,,,,https://thegyancafe.com,cafe,,,,,,,,,,,,,,,,,,,,,,,,,,,,,,,,,,,,,,,,,,,,,,,,,,,,,,,,,,,,,node,,,,,
23.0721192,False,1,"{""addr:district"":""Gujarat""}",11792825426,72.6421901,0.0,1712322903,,,,117,,,,"B-Ward, Kubernagar",,Dinchuiliu Vidhani Kitchen,,,,,,,restaurant,,,,,,,,,,,,,,,,,,,,,,,,,,,,,,,,,,,,,,,,,,,,,,,,,,,,,,,,,,,,,node,,,,,
23.0162491,False,1,"{""address"":""Shop no 17, Ground Floor, Saanvi Nirman Stella, Safal Parisar Rd, nr. Marigold Complex, South Bopal, Bopal, Ahmedabad, Gujarat 380058""}",11986210790,72.4646557,0.0,1718573842,,,,,,,,Safal Parisar Road,,HL Frankie,Mo-Su 10:00-02:00,,,,,,fast_food,,,,,,,,,,,,,,,,,,,,,,,,,,,,,,,,,,,,,,,,,,,,,,,,,,,,,,,,,,,,,node,,,,,
23.0124903,False,1,"{""check_date"":""2025-02-15"",""currency:XBT"":""yes"",""payment:lightning"":""no"",""payment:lightning_contactless"":""no"",""payment:onchain"":""yes""}",12590599051,72.5033515,0.0,1739643097,"Ahmedabad, Prahladnagar",,,,,380015,,Service road - Sarkhej Gandhinagar Highway,,The dark roast,,,,,,,cafe,,,,,,,,,,,,,,,,,,,,,,,,,,,,,,,,,,,,,,,,,,,,,,,,,,,,,,,,,,,,,node,,,,,
23.1849638,False,1,"{""brand"":""Starbucks"",""cuisine"":""coffee_shop"",""internet_access:fee"":""no"",""official_name"":""Starbucks Coffee"",""smoking"":""no"",""takeaway"":""yes""}",12726457252,72.6304054,0.0,1743706379,,,,,,,,,,Starbucks,Mo-Su 08:00-24:00,,,,,,cafe,,,,,,,,,,,,,,yes,,,,,,,,,,,,,,,,,,,,,,,,,,,,,,,,,,,,,,,,,,,,,,,node,,,,,
23.1846554,False,3,"{""cuisine"":""South Indian"",""panoramax"":""b5822e8c-b7b2-4519-830a-4f934cbd0998"",""panoramax:0"":""0f4fc427-419c-450c-90cc-8593f7d6af2d""}",12726457258,72.6293004,0.0,1753443303,Gandhinagar,,,,,382421,,,,Urban Dosa House,,,,,,,restaurant,,,,,,,,,,,,,,,,,,,,,,,,,,,,,,,,,,,,,,,,,,,,,,,,,,,,,,,,,,,,,node,,,,,
23.1849769,False,1,"{""level"":""2""}",12731411380,72.6312398,0.0,1743870212,,,,,,,,,,Rasam Thal,,,,,,,restaurant,,,,,,,,,,,,,,,,,,,,,,,,,,,,,,,,,,,,,,,,,,,,,,,,,,,,,,,,,,,,,node,,,,,
23.1885733,False,1,"{""cuisine"":""tea;noodle""}",12732749099,72.6302431,0.0,1743930671,Gandhinagar,,,,,382421,,,,Banna's Tea Stall,,,,,,,cafe,,,,,,,,,,,,,,,,,,,,,,,,,,,,,,,,,,,,,,,,,,,,,,,,,,,,,,,,,,,,,node,,,,,
23.0309116,False,1,"{""cuisine"":""indian"",""survey:date"":""2025-04-20""}",12770326645,72.4650527,0.0,1745154615,,,,,,,,,,Honest Restaurant,,,,,,,restaurant,,,,,,,,,,,,,,,,,,,,,,,,,,,,,,,,,,,,,,,,,,,,,,,,,,,,,,,,,,,,,node,,,,,
23.0267125,False,1,"{""cuisine"":""pizza"",""survey:date"":""2025-04-23""}",12778806546,72.4769539,0.0,1745420566,,,,,,,,,,Pizza Hut,,,,,,,restaurant,,,,,,,,,,,,,,,,,,,,,,,,,,,,,,,,,,,,,,,,,,,,,,,,,,,,,,,,,,,,,node,,,,,
23.0362706,False,1,"{""cuisine"":""asian"",""survey:date"":""2025-05-04""}",12809739186,72.5034854,0.0,1746373788,,,,,,,,,,Timtim,,,,,,,restaurant,,,,,,,,,,,,,,,,,,,,,,,,,,,,,,,,,,,,,,,,,,,,,,,,,,,,,,,,,,,,,node,,,,,
23.078011,False,1,,12827631579,72.5901382,0.0,1746945930,,,,,,,,,,Prakash Bhojnalaya,,,,,,,fast_food,,,,,,,,,,,,,,,,,,,,,,,,,,,,,,,,,,,,,,,,,,,,,,,,,,,,,,,,,,,,,node,,,,,
23.0499932,False,2,"{""panoramax"":""1a720916-e27c-4136-b29b-5d7c926e9bee""}",12827753536,72.4992539,0.0,1753449789,,,,,,,,,,Sri Udupi,,,,,,,restaurant,,,,,,,,,,,,,,,,,,,,,,,,,,,,,,,,,,,,,,,,,,,,,,,,,,,,,,,,,,,,,node,,,,,
23.0298827,False,1,"{""air_conditioning"":""no"",""cuisine"":""indian"",""outdoor_seating"":""no"",""survey:date"":""2025-05-19"",""takeaway"":""yes""}",12848354132,72.4746282,0.0,1747639766,,,,,,,,,,Shriji Bombay Vada Pav,,,,,,,fast_food,,,,,,,,,,,,,,,,,,,,,,,,,,,,,,,,,,,,,,,,,,,,,,,,,,,,,,,,,,,,,node,,,,,
23.0218259,False,3,"{""brand"":""McDonald's"",""cuisine"":""burger"",""indoor_seating"":""yes"",""level"":""0"",""takeaway"":""yes"",""toilets"":""yes""}",13041581330,72.55691,0.0,1754065188,,,,,,,,,,McDonald's,10:00-04:00,,,,,,fast_food,,,,,,,,,,,,,,,,,,,,,,,,,,,,,,,,,,,,,,,,,,,,,,,,,,,,,,,,,,,,,node,,,,,
23.0217347,False,1,"{""brand"":""Burger King"",""cuisine"":""burger"",""takeaway"":""yes""}",13041668531,72.5569853,0.0,1754066053,,,,,,,,,,Burger King,,,,,,,fast_food,,,,,,,,,,,,,,,,,,,,,,,,,,,,,,,,,,,,,,,,,,,,,,,,,,,,,,,,,,,,,node,,,,,
23.0217891,False,1,"{""brand"":""Taco Bell"",""cuisine"":""tex-mex"",""takeaway"":""yes""}",13041668532,72.5569528,0.0,1754066053,,,,,,,,,,Taco Bell,,,,,,,fast_food,,,,,,,,,,,,,,,,,,,,,,,,,,,,,,,,,,,,,,,,,,,,,,,,,,,,,,,,,,,,,node,,,,,
23.0216444,False,1,"{""alt_name"":""Kentucky Fried Chicken"",""alt_name:en"":""Kentucky Fried Chicken"",""alt_name:hi"":""\u0915\u0947\u0902\u091F\u0941\u0915\u0940 \u092B\u094D\u0930\u093E\u0907\u0921 \u091A\u093F\u0915\u0928"",""alt_name:pa"":""\u0A15\u0A48\u0A02\u0A1F\u0A41\u0A15\u0A40 \u0A2B\u0A4D\u0A30\u0A3E\u0A08\u0A21 \u0A1A\u0A3F\u0A15\u0A28"",""alt_name:pnb"":""\u06A9\u06CC\u0646\u0679\u06A9\u06CC \u0641\u0631\u0627\u0626\u06CC\u0688 \u0686\u06A9\u0646"",""alt_name:ur"":""\u06A9\u06CC\u0646\u0679\u06A9\u06CC \u0641\u0631\u0627\u0626\u06CC\u0688 \u0686\u06A9\u0646"",""brand"":""KFC"",""brand:en"":""KFC"",""brand:hi"":""\u0915\u0947\u090F\u092B\u0938\u0940"",""brand:pa"":""\u0A15\u0A47\u0A10\u0A2B\u0A38\u0A40"",""brand:pnb"":""\u06A9\u06D2 \u0627\u06CC\u0641 \u0633\u06CC"",""brand:ur"":""\u06A9\u06D2 \u0627\u06CC\u0641 \u0633\u06CC"",""cuisine"":""chicken"",""name:en"":""KFC"",""name:hi"":""\u0915\u0947\u090F\u092B\u0938\u0940"",""name:pa"":""\u0A15\u0A47\u0A10\u0A2B\u0A38\u0A40"",""name:pnb"":""\u06A9\u06D2 \u0627\u06CC\u0641 \u0633\u06CC"",""name:ur"":""\u06A9\u06D2 \u0627\u06CC\u0641 \u0633\u06CC"",""takeaway"":""yes""}",13041668533,72.5570471,0.0,1754066053,,,,,,,,,,KFC,,,,,,,fast_food,,,,,,,,,,,,,,,,,,,,,,,,,,,,,,,,,,,,,,,,,,,,,,,,,,,,,,,,,,,,,node,,,,,
23.0216852,False,1,,13041668534,72.5570151,0.0,1754066053,,,,,,,,,,Shri Maruti Nandan,,,,,,,restaurant,,,,,,,,,,,,,,,,,,,,,,,,,,,,,,,,,,,,,,,,,,,,,,,,,,,,,,,,,,,,,node,,,,,
23.0233074,False,1,,13446377303,72.588879,0.0,1768059857,,,,,,,,,,Open air food market,,,,,,,restaurant,,,,,,,,,,,,,,,,,,,,,,,,,,,,,,,,,,,,,,,,,,,,,,,,,,,,,,,,,,,,,node,,,,,
22.9912301,False,1,"{""brand"":""Domino's"",""brand:wikidata"":""Q839466"",""cuisine"":""pizza"",""takeaway"":""yes""}",13465290621,72.6323612,0.0,1768789724,,,,,,,,,,Domino's,,,,,,,fast_food,,,,,,,,,,,,,,,,,,,,,,,,,,,,,,,,,,,,,,,,,,,,,,,,,,,,,,,,,,,,,node,,,,,
23.1306578,False,1,,13911496601,72.5678755,0.0,1780641226,,,,,,382470,,Mansarowar road,,The fountain hotel,,,,,,,restaurant,,,,,,,,,,,,,,,,,,,,,,,,,,,,,,,,,,,,,,,,,,,,,,,,,,,,,,,,,,,,,node,,,,,
23.0792954,False,1,"{""addr:state"":""Gujarat""}",14014160601,72.558098,0.0,1784019849,Ahmedabad,IN,,,,382481,,"AD Momos, Opp Swaminarayan Castle 1, Green City Road, Nirnay Nagar",,AD MOMOS ( Nirnay Nagar),,,093279 13179,,,https://ad-momos-nirnay.grexa.site/,fast_food,,,,,,,,,,,,,,,,,,,,,,,,,,,,,,,,,,,,,,,,,,,,,,,,,,,,,,,,,,,,,node,,,,,
23.0760412,False,3,"{""addr:district"":""Ahmedabad"",""cuisine"":""coffee_shop;sandwich"",""internet_access:fee"":""yes"",""outdoor_seating"":""no""}",14022544458,72.5265342,0.0,1784304309,Ahmedabad,,,10,,380060,,Ganesh Meredian,,ChaiG Cafe,,,,,,,restaurant,,,,,,,,,,,,,,yes,,,,,,,,,,,,,,,,,,,,,,,,,,,,,,,,,,,,,,,,,,,,,,,node,,,,,
23.1622431,False,1,,14051232491,72.6555373,0.0,1785064526,,,,,,,,,,Brahmani tea & Parlour,,,,,,,cafe,,,,,,,,,,,,,,,,,,,,,,,,,,,,,,,,,,,,,,,,,,,,,,,,,,,,,,,,,,,,,node,,,,,
,False,3,"{""alt_name"":""BMW""}",49406390,,,1286629521,,,,,,,,,,Canteen,,,,,,,fast_food,,,,,,,,,,,,,,,,,,,,,,,,,,,,,,,,,,,,,,,,,,,,,,,,,,,,,,,,,,,,,way,,,,,
,False,4,,80831910,,,1286631995,,,,,,,,,,Students Mess,,,,,,,restaurant,,,,,,,yes,,,,,,,,,,,,,,,,,,,,,,,,,,,,,,,,,,,,,,,,,,,,,,,,,,,,,,way,,,,,
,False,11,"{""building:min_level"":""24"",""building:part"":""yes"",""capacity"":""150"",""cuisine"":""multicuisine"",""height"":""65"",""min_height"":""55"",""wikidata"":""Q107210904"",""wikimedia_commons"":""Category:Patang Hotel""}",85209894,,,1760886918,Ahmedabad,,,,,380009,,Nehru Bridge,,Patang - The Revolving Restaurant,"Mo-Su 12:00-15:00,19:00-23:30",,,,,http://www.neelkanthpatang.com/,restaurant,,,,,,,,26,,,,,,,,,,,,,,,http://www.neelkanthpatang.com/,,,en:Patang Hotel,,,,,,,,,,,,,,,,,,,,,,,,,,,,,,,,,,,way,,,,,
,False,3,,366459078,,,1630568171,,,,,,,,,,@Mango,"Mo-Su 12:00-15:00,18:00-22:00",,+919925238230,,,https://www.atmango.com/,restaurant,,,,,,,yes,,,,,,,,,,,,,,,,,,,,,,,,,,,,,,,,,,,,,,,,,,,,,,,,,,,,,,way,,,,,
,False,2,"{""internet_access:fee"":""no"",""outdoor_seating"":""no"",""smoking"":""no""}",367198356,,,1506847468,,,,,,,,,,Upper crust cafe,,,,,,,cafe,,,,,,,yes,,,,,,,no,,,,,,,,,,,,,,,,,,,,,,,,,,,,,,,,,,,,,,,,,,,,,,,way,,,,,
,False,1,,374253739,,,1444209668,,,,,,,,,,,,,,,,,restaurant,,,,,,,yes,,,,,,,,,,,,,,,,,,,,,,,,,,,,,,,,,,,,,,,,,,,,,,,,,,,,,,way,,,,,
,False,1,,374253740,,,1444209668,,,,,,,,,,,,,,,,,restaurant,,,,,,,yes,,,,,,,,,,,,,,,,,,,,,,,,,,,,,,,,,,,,,,,,,,,,,,,,,,,,,,way,,,,,
,False,1,,374253742,,,1444209668,,,,,,,,,,chocolate room,,,,,,,restaurant,,,,,,,yes,,,,,,,,,,,,,,,,,,,,,,,,,,,,,,,,,,,,,,,,,,,,,,,,,,,,,,way,,,,,
,False,1,,374253743,,,1444209668,,,,,,,,,,waah,,,,,,,restaurant,,,,,,,yes,,,,,,,,,,,,,,,,,,,,,,,,,,,,,,,,,,,,,,,,,,,,,,,,,,,,,,way,,,,,
,False,1,,374253744,,,1444209669,,,,,,,,,,purohit,,,,,,,restaurant,,,,,,,yes,,,,,,,,,,,,,,,,,,,,,,,,,,,,,,,,,,,,,,,,,,,,,,,,,,,,,,way,,,,,
,False,1,,374253745,,,1444209669,,,,,,,,,,havmore,,,,,,,restaurant,,,,,,,yes,,,,,,,,,,,,,,,,,,,,,,,,,,,,,,,,,,,,,,,,,,,,,,,,,,,,,,way,,,,,
,False,2,"{""wheelchair"":""limited""}",374537509,,,1642436840,,,,,,,,,,,,,,,,,restaurant,,,,,,,yes,,,,,,,,,,,,,,,,,,,,,,,,,,,,,,,,,,,,,,,,,,,,,,,,,,,,,,way,,,,,
,False,2,"{""roof:material"":""concrete"",""roof:shape"":""flat""}",404227760,,,1733751656,,,,,,,,,,MG Science Canteen,,,,,,,cafe,,,,,,,retail,1,,,,,,,,,,,,,,,,,,,,,,,,,,,,,,,,,,,,,,,,,,,,,,,,,,,,,way,,,,,
,False,1,,451500298,,,1478326888,,,,,,,,,,kAKA Ni Bhaji pav,,,,,,,fast_food,,,,,,,yes,,,,,,,,,,,,,,,,,,,,,,,,,,,,,,,,,,,,,,,,,,,,,,,,,,,,,,way,,,,,
,False,1,,451514771,,,1478335235,ahmedabad,,,,,,,Nikol-Nava Naroda road,,Kathiyawadi,,,,,,,restaurant,,,,,,,yes,,,,,,,,,,,,,,,,,,,,,,,,,,,,,,,,,,,,,,,,,,,,,,,,,,,,,,way,,,,,
,False,2,,538938317,,,1510044943,,,,,,,,,,Pharma Canteen(F1),,,,,,,restaurant,,,,,,,yes,,,,,,,,,,,,,,,,,,,,,,,,,,,,,,,,,,,,,,,,,,,,,,,,,,,,,,way,,,,,
,False,1,,538946980,,,1510044909,,,,,,,,,,Law Canteen(F2),,,,,,,restaurant,,,,,,,yes,,,,,,,,,,,,,,,,,,,,,,,,,,,,,,,,,,,,,,,,,,,,,,,,,,,,,,way,,,,,
,False,1,,560617360,,,1518410357,Ahemedabad,,,,,,,Rakhiyal Road SH-68,,Hotel Emerland,,,,,,,restaurant,,,,,,,yes,,,,,,,,,,,,,,,,,,,,,,,,,,,,,,,,,,,,,,,,,,,,,,,,,,,,,,way,,,,,
,False,1,"{""delivery"":""yes""}",573008944,,,1522045577,Ahmedabad,,,,,380013,,Ashram Road,,Parth Flavour,,,,,,,restaurant,,,,,,,yes,,,,,,,,,,,,,,,,,,,,,,,,,,,,,,,,,,,,,,,,,,,,,,,,,,,,,,way,,,,,
,False,4,"{""building:colour"":""lightgrey"",""building:material"":""plaster"",""roof:material"":""concrete"",""roof:shape"":""flat""}",744793741,,,1720427110,,,,,,,,,,,,,,,,,restaurant,,,,,,,apartments,5,,,,,,,,,,,,,,,,,,,,,,,,,,,,,,,,,,,,,,,,,,,,,,,,,,,,,way,,,,,
,False,1,"{""cuisine"":""indian""}",754019040,,,1575904823,,,,,,,,,,Prince Bhaji Pav,,,,,,,restaurant,,,,,,,yes,,,,,,,,,,,,,,,,,,,,,,,,,,,,,,,,,,,,,,,,,,,,,,,,,,,,,,way,,,,,
,False,1,"{""outdoor_seating"":""yes"",""smoking"":""isolated""}",993060289,,,1634307245,Ahmedabad,,,,,380059,,Sardar Patel Ring Road,,Vibes9 V9 Cafe,,,,,,,cafe,,,,,,,,,,,,,,,,,,,,,,,,,,,,,,,,,,,,,,,,,,,,,,,,,,,,,,,,,,,,,way,,,,,
,False,1,"{""alt_name"":""Kamala Cafe"",""cuisine"":""indian"",""description"":""The place offers non-profitable authentic and organic food which they claim to be sourced directly from farms and served in lap of nature. Purpose is to help unpriviledged women by SEWA foundation"",""wheelchair"":""yes"",""wikimedia_commons"":""Category:Kamla_Cafe""}",1087307157,,,1660849494,,,,,,,,,,Kamla Cafe,Mo-Su 08:00-23:00,,07925506441,,,https://www.sewa.org/,restaurant,,,,,,,,,,,,,,,,,,,,,,,,,,,,,,,,,,,,,,,,,,,,,,,,,,,,,,,,,,,,,way,,,,,
,False,1,,1180002417,,,1686058148,,,,,,,,,,Praful Dairy Parlour,,,,,,,restaurant,,,,,,,yes,,,,,,,,,,,,,,,,,,,,,,,,,,,,,,,,,,,,,,,,,,,,,,,,,,,,,,way,,,,,
,False,1,,1180006263,,,1686059474,,,,,,,,,,,,,,,,,restaurant,,,,,,,yes,,,,,,,,,,,,,,,,,,,,,,,,,,,,,,,,,,,,,,,,,,,,,,,,,,,,,,way,,,,,
,False,1,,1180008516,,,1686060515,,,,,,,,,,,,,,,,,restaurant,,,,,,,yes,,,,,,,,,,,,,,,,,,,,,,,,,,,,,,,,,,,,,,,,,,,,,,,,,,,,,,way,,,,,
,False,1,,1211760600,,,1695974244,,,,,,,,,,Camilo Coffee,,,,,,,cafe,,,,,,,yes,,,,,,,,,,,,,,,,,,,,,,,,,,,,,,,,,,,,,,,,,,,,,,,,,,,,,,way,,,,,
,False,1,,1214030700,,,1696764852,,,,,,,,,,,,,,,,,cafe,,,,,,,yes,,,,,,,,,,,,,,,,,,,,,,,,,,,,,,,,,,,,,,,,,,,,,,,,,,,,,,way,,,,,
,False,1,,1214151893,,,1696800643,,,,,,,,,,,,,,,,,cafe,,,,,,,yes,,,,,,,,,,,,,,,,,,,,,,,,,,,,,,,,,,,,,,,,,,,,,,,,,,,,,,way,,,,,
,False,1,,1260747555,,,1710192488,,,,,,,,,,Curry Tree,,,,,,,fast_food,,,,,,,,,,,,,,,,,,,,,,,,,,,,,,,,,,,,,,,,,,,,,,,,,,,,,,,,,,,,,way,,,,,
,False,1,"{""air_conditioning"":""yes"",""diet:vegetarian"":""yes"",""toilets"":""yes""}",1369893075,,,1742549089,,,,,,,,,,Under the Neem Trees,,,,,,,restaurant,,,,,no,,yes,,,,,,,,,,,,,,,,,,,,,,,,,,,,,,,,,,,,,,,,,,,,,,,,,,,,,,way,,,,,
,False,2,"{""access"":""restricted""}",1370788552,,,1742903102,,,,,,,,,,Highrise mess,,,,,,,restaurant,,,,,,,yes,,,,,,,,,,,,,,,,,,,,,,,,,,,,,,,,,,,,,,,,,,,,,,,,,,,,,,way,,,,,
,False,1,,1375690863,,,1744061225,,,,,,,,,,site,,,,,,,cafe,,,,,,,yes,,,,,,,,,,,,,,,,,,,,,,,,,,,,,,,,,,,,,,,,,,,,,,,,,,,,,,way,,,,,
,False,1,,1432594581,,,1758733020,,,,,,,,,,NesCafe,,,,,,,cafe,,,,,,,yes,,,,,,,,,,,,,,,,,,,,,,,,,,,,,,,,,,,,,,,,,,,,,,,,,,,,,,way,,,,,
,False,2,"{""cuisine"":""coffee_shop""}",1432594583,,,1762785057,,,,,,,,,,K ++,,,,,,,cafe,,,,,,,,,,,,,,,,,,,,,,,,,,,,,,,,,,,,,,,,,,,,,,,,,,,,,,,,,,,,,way,,,,,
,False,2,"{""cuisine"":""juice""}",1432594587,,,1762785057,,,,,,,,,,Juice Centre,,,,,,,fast_food,,,,,,,,,,,,,,,,,,,,,,,,,,,,,,,,,,,,,,,,,,,,,,,,,,,,,,,,,,,,,way,,,,,
,False,1,"{""cuisine"":""burger"",""diet:vegetarian"":""yes""}",1540063342,,,1784304309,,,,,,,,,,ChaiG Cafe and restaurant,,,,,,,restaurant,,,,,,,yes,,,,,,,,,,,,,,,,,,,,,,,,,,,,,,,,,,,,,,,,,,,,,,,,,,,,,,way,,,,,
