construction,disused,light_rail,monorail,railway,station,subway,id,timestamp,version,tags,osm_type
,,,,platform,,,456784607,1746946550,4,"{""visible"":false,""area"":""yes"",""name"":""Platform 8-9"",""public_transport"":""platform"",""ref"":""8;9""}",way
,,,,platform,,,456784615,1746946550,4,"{""visible"":false,""area"":""yes"",""name"":""Platform 1"",""public_transport"":""platform"",""ref"":""1""}",way
,,,,platform,,,456784617,1746946550,5,"{""visible"":false,""area"":""yes"",""name"":""Platform 2-2A-3"",""public_transport"":""platform"",""ref"":""2;2A;3""}",way
,,,,platform,,,456784624,1746946550,5,"{""visible"":false,""area"":""yes"",""name"":""Platform 12"",""public_transport"":""platform"",""ref"":""12""}",way
,,,,platform,,,456784626,1746946550,4,"{""visible"":false,""area"":""yes"",""name"":""Platform 10-11"",""public_transport"":""platform"",""ref"":""10;11""}",way
,,,,platform,,,456784629,1746946550,4,"{""visible"":false,""area"":""yes"",""name"":""Platform 6-7"",""public_transport"":""platform"",""ref"":""6;7""}",way
,,,,platform,,,456784631,1746946550,6,"{""visible"":false,""area"":""yes"",""name"":""Platform 4-5"",""public_transport"":""platform"",""ref"":""4;5""}",way
,,,,platform,,,487641400,1746946550,4,"{""visible"":false,""area"":""yes"",""name"":""Platform 1"",""public_transport"":""platform"",""ref"":""1""}",way
,,,,platform,,,487641402,1746946550,4,"{""visible"":false,""area"":""yes"",""name"":""Platform 2-3"",""public_transport"":""platform"",""ref"":""2;3""}",way
,,,,platform,,,487641405,1746946550,5,"{""visible"":false,""area"":""yes"",""name"":""Platform 4-5"",""public_transport"":""platform"",""ref"":""4;5""}",way
,,,,platform,,,487641406,1746946550,3,"{""visible"":false,""area"":""yes"",""name"":""Platform 2-3"",""ref"":""2:3""}",way
,,,,platform,,,487641407,1746945432,4,"{""visible"":false,""area"":""yes"",""name"":""Platform 1"",""ref"":""1""}",way
,,,,platform,,,519839569,1627766176,2,"{""visible"":false,""area"":""yes"",""public_transport"":""platform""}",way
,,,,platform,,,519839570,1627766176,2,"{""visible"":false,""area"":""yes"",""public_transport"":""platform""}",way
,,,,platform,,,559508821,1684192602,2,"{""visible"":false,""area"":""yes"",""public_transport"":""platform""}",way
,,,,platform,,,559508822,1684192602,2,"{""visible"":false,""area"":""yes"",""public_transport"":""platform""}",way
,,,,depot,,,588764972,1735746303,5,"{""visible"":false,""landuse"":""railway"",""name"":""Gyaspur Depot""}",way
,,,,platform,,,602995032,1530188253,1,"{""visible"":false,""bench"":""yes"",""public_transport"":""platform"",""shelter"":""yes"",""train"":""yes""}",way
,,,,platform,,,602995033,1530188253,1,"{""visible"":false,""bench"":""yes"",""public_transport"":""platform"",""shelter"":""yes"",""train"":""yes""}",way
,,,,platform,,,1006803615,1711964819,3,"{""visible"":false,""area"":""yes"",""public_transport"":""platform""}",way
,,,,platform,,,1006803616,1711964819,3,"{""visible"":false,""area"":""yes"",""public_transport"":""platform""}",way
,,,,station,subway,yes,1101028012,1692050890,2,"{""visible"":false,""building"":""train_station"",""layer"":""3"",""name"":""APMC"",""name:gu"":""\u0A8F \u0AAA\u0AC0 \u0A8F\u0AAE \u0AB8\u0AC0"",""operator"":""Gujarat Metro Rail Corporation Limited"",""operator:wikidata"":""Q113158873"",""operator:wikipedia"":""en:Gujarat Metro Rail Corporation Limited"",""public_transport"":""station"",""wikipedia"":""en:List of Ahmedabad Metro stations""}",way
,,,,station,subway,yes,1101058047,1692050890,3,"{""visible"":false,""building"":""train_station"",""layer"":""3"",""name"":""Ranip"",""name:gu"":""\u0AB0\u0ABE\u0AA3\u0AC0\u0AAA"",""network"":""Ahmedabad Metro"",""operator"":""Gujarat Metro Rail Corporation Limited"",""operator:wikidata"":""Q113158873"",""operator:wikipedia"":""en:Gujarat Metro Rail Corporation Limited"",""public_transport"":""station"",""wikipedia"":""en:List of Ahmedabad Metro stations""}",way
,,,,station,subway,yes,1101058050,1692050890,3,"{""visible"":false,""building"":""train_station"",""layer"":""3"",""name"":""Shreyas"",""name:gu"":""\u0AB6\u0ACD\u0AB0\u0AC7\u0AAF\u0AB8"",""network"":""Ahmedabad Metro"",""operator"":""Gujarat Metro Rail Corporation Limited"",""operator:wikidata"":""Q113158873"",""operator:wikipedia"":""en:Gujarat Metro Rail Corporation Limited"",""public_transport"":""station"",""wikipedia"":""en:List of Ahmedabad Metro stations""}",way
,,,,station,subway,yes,1101058051,1692050890,4,"{""visible"":false,""building"":""train_station"",""layer"":""3"",""name"":""Rajiv Nagar"",""name:gu"":""\u0AB0\u0ABE\u0A9C\u0AC0\u0AB5 \u0AA8\u0A97\u0AB0"",""network"":""Ahmedabad Metro"",""operator"":""Gujarat Metro Rail Corporation Limited"",""operator:wikidata"":""Q113158873"",""operator:wikipedia"":""en:Gujarat Metro Rail Corporation Limited"",""public_transport"":""station"",""wikipedia"":""en:List of Ahmedabad Metro stations""}",way
,,,,station,subway,yes,1101058052,1692050890,3,"{""visible"":false,""building"":""train_station"",""layer"":""3"",""name"":""Jivraj Park"",""name:gu"":""\u0A9C\u0AC0\u0AB5\u0AB0\u0ABE\u0A9C \u0AAA\u0ABE\u0AB0\u0ACD\u0A95"",""network"":""Ahmedabad Metro"",""operator"":""Gujarat Metro Rail Corporation Limited"",""operator:wikidata"":""Q113158873"",""operator:wikipedia"":""en:Gujarat Metro Rail Corporation Limited"",""public_transport"":""station"",""wikipedia"":""en:List of Ahmedabad Metro stations""}",way
,,,,station,subway,yes,1107146505,1692050890,3,"{""visible"":false,""addr:city"":""Ahmedabad"",""addr:postcode"":""380006"",""building"":""train_station"",""information"":""yes"",""internet_access"":""no"",""layer"":""3"",""name"":""Gandhigram"",""name:gu"":""\u0A97\u0ABE\u0A82\u0AA7\u0AC0\u0A97\u0ACD\u0AB0\u0ABE\u0AAE"",""network"":""Ahmedabad Metro"",""operator"":""Gujarat Metro Rail Corporation Limited"",""operator:wikidata"":""Q113158873"",""operator:wikipedia"":""en:Gujarat Metro Rail Corporation Limited"",""public_transport"":""station"",""ref"":""GG"",""tourism"":""information"",""train"":""yes"",""wheelchair"":""limited"",""wikipedia"":""en:List of Ahmedabad Metro stations""}",way
,,,,station,subway,yes,1198134736,1692050890,2,"{""visible"":false,""building"":""train_station"",""layer"":""1"",""name"":""Stadium"",""name:gu"":""\u0AB8\u0ACD\u0A9F\u0AC7\u0AA1\u0ABF\u0AAF\u0AAE"",""network"":""Ahmedabad Metro"",""operator"":""Gujarat Metro Rail Corporation Limited"",""operator:wikidata"":""Q113158873"",""operator:wikipedia"":""en:Gujarat Metro Rail Corporation Limited"",""public_transport"":""station"",""wikipedia"":""en:List of Ahmedabad Metro stations""}",way
,,,,station,subway,yes,1198134737,1716378776,3,"{""visible"":false,""building"":""train_station"",""layer"":""1"",""name"":""Commerce Sixth Road"",""name:gu"":""\u0A95\u0ACB\u0AAE\u0AB0\u0ACD\u0AB8 \u0A9B \u0AB0\u0AB8\u0ACD\u0AA4\u0ABE"",""network"":""Ahmedabad Metro"",""network:wikidata"":""Q1895288"",""operator"":""Gujarat Metro Rail Corporation Limited"",""operator:wikidata"":""Q113158873"",""operator:wikipedia"":""en:Gujarat Metro Rail Corporation Limited"",""public_transport"":""station"",""wikipedia"":""en:List of Ahmedabad Metro stations""}",way
,,,,station,subway,yes,1198134738,1716378776,3,"{""visible"":false,""building"":""train_station"",""layer"":""1"",""name"":""Gurukul Road"",""name:gu"":""\u0A97\u0AC1\u0AB0\u0AC1\u0A95\u0AC1\u0AB2 \u0AB0\u0ACB\u0AA1"",""network"":""Ahmedabad Metro"",""network:wikidata"":""Q1895288"",""operator"":""Gujarat Metro Rail Corporation Limited"",""operator:wikidata"":""Q113158873"",""operator:wikipedia"":""en:Gujarat Metro Rail Corporation Limited"",""public_transport"":""station"",""wikipedia"":""en:List of Ahmedabad Metro stations""}",way
,,,,station,subway,yes,1198134739,1692050890,2,"{""visible"":false,""building"":""train_station"",""layer"":""1"",""name"":""Doordarshan Kendra"",""name:gu"":""\u0AA6\u0AC2\u0AB0\u0AA6\u0AB0\u0ACD\u0AB6\u0AA8 \u0A95\u0AC7\u0AA8\u0ACD\u0AA6\u0ACD\u0AB0"",""network"":""Ahmedabad Metro"",""operator"":""Gujarat Metro Rail Corporation Limited"",""operator:wikidata"":""Q113158873"",""operator:wikipedia"":""en:Gujarat Metro Rail Corporation Limited"",""public_transport"":""station"",""wikipedia"":""en:List of Ahmedabad Metro stations""}",way
,,,,station,subway,yes,1198134744,1692050890,2,"{""visible"":false,""building"":""train_station"",""layer"":""3"",""name"":""Vadaj"",""name:gu"":""\u0AB5\u0ABE\u0AA1\u0A9C"",""network"":""Ahmedabad Metro"",""operator"":""Gujarat Metro Rail Corporation Limited"",""operator:wikidata"":""Q113158873"",""operator:wikipedia"":""en:Gujarat Metro Rail Corporation Limited"",""public_transport"":""station"",""wikipedia"":""en:List of Ahmedabad Metro stations""}",way
,,,,station,subway,yes,1198134745,1692050890,2,"{""visible"":false,""building"":""train_station"",""layer"":""3"",""name"":""Vijay Nagar"",""name:gu"":""\u0AB5\u0ABF\u0A9C\u0AAF \u0AA8\u0A97\u0AB0"",""network"":""Ahmedabad Metro"",""operator"":""Gujarat Metro Rail Corporation Limited"",""operator:wikidata"":""Q113158873"",""operator:wikipedia"":""en:Gujarat Metro Rail Corporation Limited"",""public_transport"":""station"",""wikipedia"":""en:List of Ahmedabad Metro stations""}",way
,,,,station,subway,yes,1198134747,1692050890,2,"{""visible"":false,""building"":""train_station"",""layer"":""3"",""name"":""Usmanpura"",""name:gu"":""\u0A89\u0AB8\u0ACD\u0AAE\u0ABE\u0AA8\u0AAA\u0AC1\u0AB0\u0ABE"",""network"":""Ahmedabad Metro"",""operator"":""Gujarat Metro Rail Corporation Limited"",""operator:wikidata"":""Q113158873"",""operator:wikipedia"":""en:Gujarat Metro Rail Corporation Limited"",""public_transport"":""station"",""wikipedia"":""en:List of Ahmedabad Metro stations""}",way
,,,,station,subway,yes,1198134751,1722424221,4,"{""visible"":false,""building"":""train_station"",""layer"":""1"",""name"":""Gujarat University Station"",""name:gu"":""\u0A97\u0AC1\u0A9C\u0AB0\u0ABE\u0AA4 \u0AAF\u0AC1\u0AA8\u0ABF\u0AB5\u0AB0\u0ACD\u0AB8\u0ABF\u0A9F\u0AC0 \u0AB8\u0ACD\u0A9F\u0AC7\u0AB6\u0AA8"",""network"":""Ahmedabad Metro"",""network:wikidata"":""Q1895288"",""operator"":""Gujarat Metro Rail Corporation Limited"",""operator:wikidata"":""Q113158873"",""operator:wikipedia"":""en:Gujarat Metro Rail Corporation Limited"",""public_transport"":""station"",""wikipedia"":""en:List of Ahmedabad Metro stations""}",way
,,,,station,subway,yes,1198134752,1692050890,2,"{""visible"":false,""building"":""train_station"",""layer"":""3"",""name"":""Old High Court"",""name:gu"":""\u0A9C\u0AC2\u0AA8\u0AC0 \u0AB9\u0ABE\u0A87 \u0A95\u0ACB\u0AB0\u0ACD\u0A9F"",""network"":""Ahmedabad Metro"",""operator"":""Gujarat Metro Rail Corporation Limited"",""operator:wikidata"":""Q113158873"",""operator:wikipedia"":""en:Gujarat Metro Rail Corporation Limited"",""public_transport"":""station"",""wikipedia"":""en:List of Ahmedabad Metro stations""}",way
,,,,station,subway,yes,1198140890,1692050890,1,"{""visible"":false,""air_conditioning"":""yes"",""building"":""train_station"",""ele"":""2"",""internet_access"":""yes"",""layer"":""1"",""name"":""Vastral Gam"",""name:gu"":""\u0AB5\u0AB8\u0ACD\u0AA4\u0ACD\u0AB0\u0ABE\u0AB2 \u0A97\u0ABE\u0AAE"",""network"":""Ahmedabad Metro"",""operator"":""Gujarat Metro Rail Corporation Limited"",""operator:wikidata"":""Q113158873"",""operator:wikipedia"":""en:Gujarat Metro Rail Corporation Limited"",""public_transport"":""station"",""wikipedia"":""en:List of Ahmedabad Metro stations""}",way
,,,,station,subway,yes,1198140891,1692050890,1,"{""visible"":false,""air_conditioning"":""yes"",""building"":""train_station"",""ele"":""2"",""internet_access"":""yes"",""layer"":""1"",""name"":""Nirant Cross Roads"",""name:gu"":""\u0AA8\u0ABF\u0AB0\u0A82\u0AA4 \u0A95\u0ACD\u0AB0\u0ACB\u0AB8 \u0AB0\u0ACB\u0AA1"",""network"":""Ahmedabad Metro"",""operator"":""Gujarat Metro Rail Corporation Limited"",""operator:wikidata"":""Q113158873"",""operator:wikipedia"":""en:Gujarat Metro Rail Corporation Limited"",""public_transport"":""station"",""wikipedia"":""en:List of Ahmedabad Metro stations""}",way
,,,,station,subway,yes,1198140892,1692050890,1,"{""visible"":false,""addr:city"":""Ahmedabad"",""addr:street"":""Vastral"",""air_conditioning"":""yes"",""building"":""train_station"",""ele"":""2"",""internet_access"":""yes"",""layer"":""1"",""name"":""Vastral"",""name:gu"":""\u0AB5\u0AB8\u0ACD\u0AA4\u0ACD\u0AB0\u0ABE\u0AB2"",""network"":""Ahmedabad Metro"",""operator"":""Gujarat Metro Rail Corporation Limited"",""operator:wikidata"":""Q113158873"",""operator:wikipedia"":""en:Gujarat Metro Rail Corporation Limited"",""public_transport"":""station"",""wikipedia"":""en:List of Ahmedabad Metro stations""}",way
,,,,station,subway,yes,1198140893,1692050890,1,"{""visible"":false,""air_conditioning"":""yes"",""building"":""train_station"",""ele"":""2"",""internet_access"":""yes"",""layer"":""1"",""name"":""Rabari Colony"",""name:gu"":""\u0AB0\u0AAC\u0ABE\u0AB0\u0AC0 \u0A95\u0ACB\u0AB2\u0ACB\u0AA8\u0AC0"",""network"":""Ahmedabad Metro"",""operator"":""Gujarat Metro Rail Corporation Limited"",""operator:wikidata"":""Q113158873"",""operator:wikipedia"":""en:Gujarat Metro Rail Corporation Limited"",""public_transport"":""station"",""wikipedia"":""en:List of Ahmedabad Metro stations""}",way
,,,,station,subway,yes,1198140894,1733047023,2,"{""visible"":false,""air_conditioning"":""yes"",""building"":""train_station"",""ele"":""2"",""internet_access"":""yes"",""layer"":""1"",""name"":""Amraiwadi"",""name:gu"":""\u0A85\u0AAE\u0AB0\u0AC0\u0AB5\u0ABE\u0AA1\u0AC0"",""network"":""Ahmedabad Metro"",""operator"":""Gujarat Metro Rail Corporation Limited"",""operator:wikidata"":""Q113158873"",""operator:wikipedia"":""en:Gujarat Metro Rail Corporation Limited"",""public_transport"":""station"",""start_date"":""2019-05-18"",""wikipedia"":""en:List of Ahmedabad Metro stations""}",way
,,,,station,subway,yes,1198140895,1692050890,1,"{""visible"":false,""air_conditioning"":""yes"",""building"":""train_station"",""ele"":""2"",""internet_access"":""yes"",""layer"":""1"",""name"":""Apparel Park"",""name:gu"":""\u0A8F\u0AAA\u0AB0\u0AB2 \u0AAA\u0ABE\u0AB0\u0ACD\u0A95"",""network"":""Ahmedabad Metro"",""operator"":""Gujarat Metro Rail Corporation Limited"",""operator:wikidata"":""Q113158873"",""operator:wikipedia"":""en:Gujarat Metro Rail Corporation Limited"",""public_transport"":""station"",""wikipedia"":""en:List of Ahmedabad Metro stations""}",way
,,,,station,subway,yes,1198140896,1698216124,2,"{""visible"":false,""building"":""train_station"",""layer"":""3"",""name"":""Paldi"",""name:gu"":""\u0AAA\u0ABE\u0AB2\u0AA1\u0AC0"",""operator"":""Gujarat Metro Rail Corporation Limited"",""operator:wikidata"":""Q113158873"",""operator:wikipedia"":""en:Gujarat Metro Rail Corporation Limited"",""public_transport"":""station"",""wikipedia"":""en:List of Ahmedabad Metro stations""}",way
,,,,station,subway,yes,1317807984,1727159506,1,"{""visible"":false,""building"":""train_station"",""layer"":""3"",""name"":""Koba Gam"",""name:gu"":""\u0A95\u0ACB\u0AAC\u0ABE \u0A97\u0ABE\u0AAE"",""network"":""Ahmedabad Metro"",""operator"":""Gujarat Metro Rail Corporation Limited"",""operator:wikidata"":""Q113158873"",""operator:wikipedia"":""en:Gujarat Metro Rail Corporation Limited"",""public_transport"":""station"",""start_date"":""2024-09-17"",""wikipedia"":""en:List of Ahmedabad Metro stations""}",way
